District,Month,Visitors,Year
Adilabad,January,5,2014
Adilabad,February,6,2014
Adilabad,March,5,2014
Adilabad,April,6,2014
Adilabad,May,6,2014
Adilabad,June,7,2014
Adilabad,July,7,2014
Adilabad,August,5,2014
Adilabad,September,8,2014
Adilabad,October,8,2014
Adilabad,November,8,2014
Adilabad,December,9,2014
Hyd & R R Dist.,January,7587,2014
Hyd & R R Dist.,February,7871,2014
Hyd & R R Dist.,March,7683,2014
Hyd & R R Dist.,April,3314,2014
Hyd & R R Dist.,May,1962,2014
Hyd & R R Dist.,June,2767,2014
Hyd & R R Dist.,July,5931,2014
Hyd & R R Dist.,August,3759,2014
Hyd & R R Dist.,September,4258,2014
Hyd & R R Dist.,October,7836,2014
Hyd & R R Dist.,November,4826,2014
Hyd & R R Dist.,December,12257,2014
Karimnagar,January,0,2014
Karimnagar,February,0,2014
Karimnagar,March,0,2014
Karimnagar,April,0,2014
Karimnagar,May,0,2014
Karimnagar,June,0,2014
Karimnagar,July,0,2014
Karimnagar,August,0,2014
Karimnagar,September,0,2014
Karimnagar,October,0,2014
Karimnagar,November,0,2014
Karimnagar,December,0,2014
Khammam,January,0,2014
Khammam,February,0,2014
Khammam,March,0,2014
Khammam,April,0,2014
Khammam,May,0,2014
Khammam,June,0,2014
Khammam,July,0,2014
Khammam,August,0,2014
Khammam,September,0,2014
Khammam,October,0,2014
Khammam,November,0,2014
Khammam,December,0,2014
Mahbubnagar,January,210,2014
Mahbubnagar,February,160,2014
Mahbubnagar,March,424,2014
Mahbubnagar,April,311,2014
Mahbubnagar,May,270,2014
Mahbubnagar,June,223,2014
Mahbubnagar,July,175,2014
Mahbubnagar,August,94,2014
Mahbubnagar,September,69,2014
Mahbubnagar,October,177,2014
Mahbubnagar,November,326,2014
Mahbubnagar,December,350,2014
Medak,January,0,2014
Medak,February,0,2014
Medak,March,0,2014
Medak,April,0,2014
Medak,May,0,2014
Medak,June,0,2014
Medak,July,0,2014
Medak,August,0,2014
Medak,September,0,2014
Medak,October,0,2014
Medak,November,0,2014
Medak,December,0,2014
Nalgonda,January,10,2014
Nalgonda,February,0,2014
Nalgonda,March,0,2014
Nalgonda,April,0,2014
Nalgonda,May,0,2014
Nalgonda,June,0,2014
Nalgonda,July,0,2014
Nalgonda,August,0,2014
Nalgonda,September,0,2014
Nalgonda,October,0,2014
Nalgonda,November,0,2014
Nalgonda,December,0,2014
Nizamabad,January,3,2014
Nizamabad,February,0,2014
Nizamabad,March,0,2014
Nizamabad,April,0,2014
Nizamabad,May,0,2014
Nizamabad,June,0,2014
Nizamabad,July,0,2014
Nizamabad,August,0,2014
Nizamabad,September,0,2014
Nizamabad,October,0,2014
Nizamabad,November,0,2014
Nizamabad,December,0,2014
Warangal,January,469,2014
Warangal,February,180,2014
Warangal,March,158,2014
Warangal,April,104,2014
Warangal,May,15,2014
Warangal,June,175,2014
Warangal,July,232,2014
Warangal,August,128,2014
Warangal,September,96,2014
Warangal,October,190,2014
Warangal,November,306,2014
Warangal,December,185,2014
Adilabad,January,7,2015
Adilabad,February,2,2015
Adilabad,March,8,2015
Adilabad,April,9,2015
Adilabad,May,6,2015
Adilabad,June,9,2015
Adilabad,July,10,2015
Adilabad,August,0,2015
Adilabad,September,6,2015
Adilabad,October,8,2015
Adilabad,November,0,2015
Adilabad,December,2,2015
Hyd & R R Dist.,January,14454,2015
Hyd & R R Dist.,February,10947,2015
Hyd & R R Dist.,March,8750,2015
Hyd & R R Dist.,April,6560,2015
Hyd & R R Dist.,May,6959,2015
Hyd & R R Dist.,June,7813,2015
Hyd & R R Dist.,July,12274,2015
Hyd & R R Dist.,August,10604,2015
Hyd & R R Dist.,September,7292,2015
Hyd & R R Dist.,October,9758,2015
Hyd & R R Dist.,November,12034,2015
Hyd & R R Dist.,December,15393,2015
Karimnagar,January,0,2015
Karimnagar,February,0,2015
Karimnagar,March,0,2015
Karimnagar,April,0,2015
Karimnagar,May,0,2015
Karimnagar,June,0,2015
Karimnagar,July,0,2015
Karimnagar,August,0,2015
Karimnagar,September,0,2015
Karimnagar,October,0,2015
Karimnagar,November,0,2015
Karimnagar,December,0,2015
Khammam,January,0,2015
Khammam,February,0,2015
Khammam,March,0,2015
Khammam,April,0,2015
Khammam,May,0,2015
Khammam,June,0,2015
Khammam,July,7,2015
Khammam,August,0,2015
Khammam,September,2,2015
Khammam,October,0,2015
Khammam,November,0,2015
Khammam,December,0,2015
Mahbubnagar,January,240,2015
Mahbubnagar,February,76,2015
Mahbubnagar,March,59,2015
Mahbubnagar,April,72,2015
Mahbubnagar,May,132,2015
Mahbubnagar,June,126,2015
Mahbubnagar,July,111,2015
Mahbubnagar,August,112,2015
Mahbubnagar,September,115,2015
Mahbubnagar,October,115,2015
Mahbubnagar,November,152,2015
Mahbubnagar,December,160,2015
Medak,January,0,2015
Medak,February,0,2015
Medak,March,0,2015
Medak,April,0,2015
Medak,May,0,2015
Medak,June,0,2015
Medak,July,0,2015
Medak,August,0,2015
Medak,September,0,2015
Medak,October,0,2015
Medak,November,0,2015
Medak,December,0,2015
Nalgonda,January,0,2015
Nalgonda,February,0,2015
Nalgonda,March,0,2015
Nalgonda,April,0,2015
Nalgonda,May,0,2015
Nalgonda,June,0,2015
Nalgonda,July,0,2015
Nalgonda,August,0,2015
Nalgonda,September,500,2015
Nalgonda,October,0,2015
Nalgonda,November,0,2015
Nalgonda,December,0,2015
Nizamabad,January,0,2015
Nizamabad,February,0,2015
Nizamabad,March,0,2015
Nizamabad,April,0,2015
Nizamabad,May,0,2015
Nizamabad,June,0,2015
Nizamabad,July,0,2015
Nizamabad,August,0,2015
Nizamabad,September,0,2015
Nizamabad,October,0,2015
Nizamabad,November,0,2015
Nizamabad,December,0,2015
Warangal,January,292,2015
Warangal,February,508,2015
Warangal,March,130,2015
Warangal,April,20,2015
Warangal,May,21,2015
Warangal,June,56,2015
Warangal,July,43,2015
Warangal,August,67,2015
Warangal,September,73,2015
Warangal,October,210,2015
Warangal,November,328,2015
Warangal,December,46,2015
Adilabad,January,2,2016
Adilabad,February,0,2016
Adilabad,March,2,2016
Adilabad,April,0,2016
Adilabad,May,0,2016
Adilabad,June,0,2016
Adilabad,July,4,2016
Adilabad,August,2,2016
Adilabad,September,0,2016
Adilabad,October,0,2016
Adilabad,November,0,2016
Adilabad,December,0,2016
Bhadradri Kothagudem,January,,2016
Bhadradri Kothagudem,February,,2016
Bhadradri Kothagudem,March,,2016
Bhadradri Kothagudem,April,,2016
Bhadradri Kothagudem,May,,2016
Bhadradri Kothagudem,June,,2016
Bhadradri Kothagudem,July,,2016
Bhadradri Kothagudem,August,,2016
Bhadradri Kothagudem,September,,2016
Bhadradri Kothagudem,October,0,2016
Bhadradri Kothagudem,November,0,2016
Bhadradri Kothagudem,December,0,2016
Hyderabad,January,15865,2016
Hyderabad,February,29646,2016
Hyderabad,March,13019,2016
Hyderabad,April,8402,2016
Hyderabad,May,8522,2016
Hyderabad,June,10284,2016
Hyderabad,July,17142,2016
Hyderabad,August,12842,2016
Hyderabad,September,9397,2016
Hyderabad,October,12808,2016
Hyderabad,November,8084,2016
Hyderabad,December,17620,2016
Jagtial,January,,2016
Jagtial,February,,2016
Jagtial,March,,2016
Jagtial,April,,2016
Jagtial,May,,2016
Jagtial,June,,2016
Jagtial,July,,2016
Jagtial,August,,2016
Jagtial,September,,2016
Jagtial,October,0,2016
Jagtial,November,0,2016
Jagtial,December,0,2016
Jangaon,January,,2016
Jangaon,February,,2016
Jangaon,March,,2016
Jangaon,April,,2016
Jangaon,May,,2016
Jangaon,June,,2016
Jangaon,July,,2016
Jangaon,August,,2016
Jangaon,September,,2016
Jangaon,October,0,2016
Jangaon,November,2,2016
Jangaon,December,0,2016
Jayashankar Bhoopalpally,January,,2016
Jayashankar Bhoopalpally,February,,2016
Jayashankar Bhoopalpally,March,,2016
Jayashankar Bhoopalpally,April,,2016
Jayashankar Bhoopalpally,May,,2016
Jayashankar Bhoopalpally,June,,2016
Jayashankar Bhoopalpally,July,,2016
Jayashankar Bhoopalpally,August,,2016
Jayashankar Bhoopalpally,September,,2016
Jayashankar Bhoopalpally,October,24,2016
Jayashankar Bhoopalpally,November,22,2016
Jayashankar Bhoopalpally,December,40,2016
Jogulamba Gadwal,January,,2016
Jogulamba Gadwal,February,,2016
Jogulamba Gadwal,March,,2016
Jogulamba Gadwal,April,,2016
Jogulamba Gadwal,May,,2016
Jogulamba Gadwal,June,,2016
Jogulamba Gadwal,July,,2016
Jogulamba Gadwal,August,,2016
Jogulamba Gadwal,September,,2016
Jogulamba Gadwal,October,13,2016
Jogulamba Gadwal,November,21,2016
Jogulamba Gadwal,December,11,2016
Kamareddy,January,,2016
Kamareddy,February,,2016
Kamareddy,March,,2016
Kamareddy,April,,2016
Kamareddy,May,,2016
Kamareddy,June,,2016
Kamareddy,July,,2016
Kamareddy,August,,2016
Kamareddy,September,,2016
Kamareddy,October,0,2016
Kamareddy,November,0,2016
Kamareddy,December,0,2016
Karimnagar,January,0,2016
Karimnagar,February,0,2016
Karimnagar,March,0,2016
Karimnagar,April,0,2016
Karimnagar,May,0,2016
Karimnagar,June,0,2016
Karimnagar,July,0,2016
Karimnagar,August,0,2016
Karimnagar,September,0,2016
Karimnagar,October,0,2016
Karimnagar,November,0,2016
Karimnagar,December,0,2016
Khammam,January,0,2016
Khammam,February,0,2016
Khammam,March,0,2016
Khammam,April,0,2016
Khammam,May,0,2016
Khammam,June,0,2016
Khammam,July,0,2016
Khammam,August,0,2016
Khammam,September,0,2016
Khammam,October,0,2016
Khammam,November,0,2016
Khammam,December,0,2016
Komaram Bheem Asifabad,January,,2016
Komaram Bheem Asifabad,February,,2016
Komaram Bheem Asifabad,March,,2016
Komaram Bheem Asifabad,April,,2016
Komaram Bheem Asifabad,May,,2016
Komaram Bheem Asifabad,June,,2016
Komaram Bheem Asifabad,July,,2016
Komaram Bheem Asifabad,August,,2016
Komaram Bheem Asifabad,September,,2016
Komaram Bheem Asifabad,October,0,2016
Komaram Bheem Asifabad,November,0,2016
Komaram Bheem Asifabad,December,0,2016
Mahabubabad,January,,2016
Mahabubabad,February,,2016
Mahabubabad,March,,2016
Mahabubabad,April,,2016
Mahabubabad,May,,2016
Mahabubabad,June,,2016
Mahabubabad,July,,2016
Mahabubabad,August,,2016
Mahabubabad,September,,2016
Mahabubabad,October,0,2016
Mahabubabad,November,0,2016
Mahabubabad,December,0,2016
Mahbubnagar,January,123,2016
Mahbubnagar,February,126,2016
Mahbubnagar,March,103,2016
Mahbubnagar,April,75,2016
Mahbubnagar,May,58,2016
Mahbubnagar,June,68,2016
Mahbubnagar,July,63,2016
Mahbubnagar,August,86,2016
Mahbubnagar,September,74,2016
Mahbubnagar,October,37,2016
Mahbubnagar,November,29,2016
Mahbubnagar,December,26,2016
Mancherial,January,,2016
Mancherial,February,,2016
Mancherial,March,,2016
Mancherial,April,,2016
Mancherial,May,,2016
Mancherial,June,,2016
Mancherial,July,,2016
Mancherial,August,,2016
Mancherial,September,,2016
Mancherial,October,0,2016
Mancherial,November,0,2016
Mancherial,December,0,2016
Medak,January,0,2016
Medak,February,0,2016
Medak,March,0,2016
Medak,April,0,2016
Medak,May,0,2016
Medak,June,0,2016
Medak,July,0,2016
Medak,August,0,2016
Medak,September,0,2016
Medak,October,0,2016
Medak,November,0,2016
Medak,December,0,2016
Medchal,January,,2016
Medchal,February,,2016
Medchal,March,,2016
Medchal,April,,2016
Medchal,May,,2016
Medchal,June,,2016
Medchal,July,,2016
Medchal,August,,2016
Medchal,September,,2016
Medchal,October,,2016
Medchal,November,,2016
Medchal,December,,2016
Nagarkurnool,January,,2016
Nagarkurnool,February,,2016
Nagarkurnool,March,,2016
Nagarkurnool,April,,2016
Nagarkurnool,May,,2016
Nagarkurnool,June,,2016
Nagarkurnool,July,,2016
Nagarkurnool,August,,2016
Nagarkurnool,September,,2016
Nagarkurnool,October,8,2016
Nagarkurnool,November,11,2016
Nagarkurnool,December,10,2016
Nalgonda,January,0,2016
Nalgonda,February,0,2016
Nalgonda,March,0,2016
Nalgonda,April,0,2016
Nalgonda,May,0,2016
Nalgonda,June,0,2016
Nalgonda,July,0,2016
Nalgonda,August,0,2016
Nalgonda,September,0,2016
Nalgonda,October,0,2016
Nalgonda,November,0,2016
Nalgonda,December,0,2016
Nirmal,January,,2016
Nirmal,February,,2016
Nirmal,March,,2016
Nirmal,April,,2016
Nirmal,May,,2016
Nirmal,June,,2016
Nirmal,July,,2016
Nirmal,August,,2016
Nirmal,September,,2016
Nirmal,October,0,2016
Nirmal,November,0,2016
Nirmal,December,0,2016
Nizamabad,January,0,2016
Nizamabad,February,0,2016
Nizamabad,March,0,2016
Nizamabad,April,0,2016
Nizamabad,May,0,2016
Nizamabad,June,0,2016
Nizamabad,July,0,2016
Nizamabad,August,0,2016
Nizamabad,September,0,2016
Nizamabad,October,0,2016
Nizamabad,November,0,2016
Nizamabad,December,0,2016
Peddapalli,January,,2016
Peddapalli,February,,2016
Peddapalli,March,,2016
Peddapalli,April,,2016
Peddapalli,May,,2016
Peddapalli,June,,2016
Peddapalli,July,,2016
Peddapalli,August,,2016
Peddapalli,September,,2016
Peddapalli,October,0,2016
Peddapalli,November,0,2016
Peddapalli,December,0,2016
Rajanna Sircilla,January,,2016
Rajanna Sircilla,February,,2016
Rajanna Sircilla,March,,2016
Rajanna Sircilla,April,,2016
Rajanna Sircilla,May,,2016
Rajanna Sircilla,June,,2016
Rajanna Sircilla,July,,2016
Rajanna Sircilla,August,,2016
Rajanna Sircilla,September,,2016
Rajanna Sircilla,October,0,2016
Rajanna Sircilla,November,0,2016
Rajanna Sircilla,December,0,2016
Ranga Reddy,January,,2016
Ranga Reddy,February,,2016
Ranga Reddy,March,,2016
Ranga Reddy,April,,2016
Ranga Reddy,May,,2016
Ranga Reddy,June,,2016
Ranga Reddy,July,,2016
Ranga Reddy,August,,2016
Ranga Reddy,September,,2016
Ranga Reddy,October,,2016
Ranga Reddy,November,,2016
Ranga Reddy,December,,2016
Sangareddy,January,,2016
Sangareddy,February,,2016
Sangareddy,March,,2016
Sangareddy,April,,2016
Sangareddy,May,,2016
Sangareddy,June,,2016
Sangareddy,July,,2016
Sangareddy,August,,2016
Sangareddy,September,,2016
Sangareddy,October,0,2016
Sangareddy,November,0,2016
Sangareddy,December,0,2016
Siddipet,January,,2016
Siddipet,February,,2016
Siddipet,March,,2016
Siddipet,April,,2016
Siddipet,May,,2016
Siddipet,June,,2016
Siddipet,July,,2016
Siddipet,August,,2016
Siddipet,September,,2016
Siddipet,October,0,2016
Siddipet,November,0,2016
Siddipet,December,0,2016
Suryapet,January,,2016
Suryapet,February,,2016
Suryapet,March,,2016
Suryapet,April,,2016
Suryapet,May,,2016
Suryapet,June,,2016
Suryapet,July,,2016
Suryapet,August,,2016
Suryapet,September,,2016
Suryapet,October,0,2016
Suryapet,November,0,2016
Suryapet,December,0,2016
Vikarabad,January,,2016
Vikarabad,February,,2016
Vikarabad,March,,2016
Vikarabad,April,,2016
Vikarabad,May,,2016
Vikarabad,June,,2016
Vikarabad,July,,2016
Vikarabad,August,,2016
Vikarabad,September,,2016
Vikarabad,October,,2016
Vikarabad,November,,2016
Vikarabad,December,,2016
Wanaparthy,January,,2016
Wanaparthy,February,,2016
Wanaparthy,March,,2016
Wanaparthy,April,,2016
Wanaparthy,May,,2016
Wanaparthy,June,,2016
Wanaparthy,July,,2016
Wanaparthy,August,,2016
Wanaparthy,September,,2016
Wanaparthy,October,0,2016
Wanaparthy,November,0,2016
Wanaparthy,December,0,2016
Warangal (Rural),January,,2016
Warangal (Rural),February,,2016
Warangal (Rural),March,,2016
Warangal (Rural),April,,2016
Warangal (Rural),May,,2016
Warangal (Rural),June,,2016
Warangal (Rural),July,,2016
Warangal (Rural),August,,2016
Warangal (Rural),September,,2016
Warangal (Rural),October,0,2016
Warangal (Rural),November,0,2016
Warangal (Rural),December,0,2016
Warangal (Urban),January,459,2016
Warangal (Urban),February,391,2016
Warangal (Urban),March,230,2016
Warangal (Urban),April,39,2016
Warangal (Urban),May,82,2016
Warangal (Urban),June,88,2016
Warangal (Urban),July,53,2016
Warangal (Urban),August,102,2016
Warangal (Urban),September,118,2016
Warangal (Urban),October,108,2016
Warangal (Urban),November,97,2016
Warangal (Urban),December,132,2016
Yadadri Bhongir,January,,2016
Yadadri Bhongir,February,,2016
Yadadri Bhongir,March,,2016
Yadadri Bhongir,April,,2016
Yadadri Bhongir,May,,2016
Yadadri Bhongir,June,,2016
Yadadri Bhongir,July,,2016
Yadadri Bhongir,August,,2016
Yadadri Bhongir,September,,2016
Yadadri Bhongir,October,0,2016
Yadadri Bhongir,November,0,2016
Yadadri Bhongir,December,0,2016
Adilabad,January,5,2017
Adilabad,February,0,2017
Adilabad,March,0,2017
Adilabad,April,0,2017
Adilabad,May,0,2017
Adilabad,June,3,2017
Adilabad,July,0,2017
Adilabad,August,0,2017
Adilabad,September,3,2017
Adilabad,October,0,2017
Adilabad,November,0,2017
Adilabad,December,0,2017
Bhadradri Kothagudem,January,0,2017
Bhadradri Kothagudem,February,0,2017
Bhadradri Kothagudem,March,0,2017
Bhadradri Kothagudem,April,0,2017
Bhadradri Kothagudem,May,0,2017
Bhadradri Kothagudem,June,0,2017
Bhadradri Kothagudem,July,0,2017
Bhadradri Kothagudem,August,0,2017
Bhadradri Kothagudem,September,0,2017
Bhadradri Kothagudem,October,0,2017
Bhadradri Kothagudem,November,0,2017
Bhadradri Kothagudem,December,0,2017
Hyderabad,January,19286,2017
Hyderabad,February,18097,2017
Hyderabad,March,13875,2017
Hyderabad,April,12996,2017
Hyderabad,May,12983,2017
Hyderabad,June,12486,2017
Hyderabad,July,18144,2017
Hyderabad,August,16985,2017
Hyderabad,September,27856,2017
Hyderabad,October,26368,2017
Hyderabad,November,29170,2017
Hyderabad,December,38933,2017
Jagtial,January,0,2017
Jagtial,February,0,2017
Jagtial,March,0,2017
Jagtial,April,0,2017
Jagtial,May,0,2017
Jagtial,June,0,2017
Jagtial,July,0,2017
Jagtial,August,0,2017
Jagtial,September,0,2017
Jagtial,October,0,2017
Jagtial,November,0,2017
Jagtial,December,0,2017
Jangaon,January,0,2017
Jangaon,February,0,2017
Jangaon,March,0,2017
Jangaon,April,0,2017
Jangaon,May,0,2017
Jangaon,June,0,2017
Jangaon,July,0,2017
Jangaon,August,0,2017
Jangaon,September,0,2017
Jangaon,October,0,2017
Jangaon,November,0,2017
Jangaon,December,0,2017
Jayashankar Bhoopalpally,January,85,2017
Jayashankar Bhoopalpally,February,38,2017
Jayashankar Bhoopalpally,March,35,2017
Jayashankar Bhoopalpally,April,36,2017
Jayashankar Bhoopalpally,May,40,2017
Jayashankar Bhoopalpally,June,35,2017
Jayashankar Bhoopalpally,July,42,2017
Jayashankar Bhoopalpally,August,45,2017
Jayashankar Bhoopalpally,September,56,2017
Jayashankar Bhoopalpally,October,55,2017
Jayashankar Bhoopalpally,November,58,2017
Jayashankar Bhoopalpally,December,57,2017
Jogulamba Gadwal,January,20,2017
Jogulamba Gadwal,February,16,2017
Jogulamba Gadwal,March,32,2017
Jogulamba Gadwal,April,29,2017
Jogulamba Gadwal,May,31,2017
Jogulamba Gadwal,June,32,2017
Jogulamba Gadwal,July,34,2017
Jogulamba Gadwal,August,25,2017
Jogulamba Gadwal,September,42,2017
Jogulamba Gadwal,October,13,2017
Jogulamba Gadwal,November,21,2017
Jogulamba Gadwal,December,10,2017
Kamareddy,January,0,2017
Kamareddy,February,0,2017
Kamareddy,March,0,2017
Kamareddy,April,0,2017
Kamareddy,May,0,2017
Kamareddy,June,0,2017
Kamareddy,July,0,2017
Kamareddy,August,0,2017
Kamareddy,September,0,2017
Kamareddy,October,0,2017
Kamareddy,November,0,2017
Kamareddy,December,0,2017
Karimnagar,January,0,2017
Karimnagar,February,0,2017
Karimnagar,March,0,2017
Karimnagar,April,0,2017
Karimnagar,May,0,2017
Karimnagar,June,0,2017
Karimnagar,July,0,2017
Karimnagar,August,0,2017
Karimnagar,September,0,2017
Karimnagar,October,0,2017
Karimnagar,November,0,2017
Karimnagar,December,0,2017
Khammam,January,0,2017
Khammam,February,0,2017
Khammam,March,0,2017
Khammam,April,0,2017
Khammam,May,0,2017
Khammam,June,0,2017
Khammam,July,0,2017
Khammam,August,0,2017
Khammam,September,0,2017
Khammam,October,0,2017
Khammam,November,0,2017
Khammam,December,0,2017
Komaram Bheem Asifabad,January,0,2017
Komaram Bheem Asifabad,February,0,2017
Komaram Bheem Asifabad,March,0,2017
Komaram Bheem Asifabad,April,0,2017
Komaram Bheem Asifabad,May,0,2017
Komaram Bheem Asifabad,June,,2017
Komaram Bheem Asifabad,July,0,2017
Komaram Bheem Asifabad,August,0,2017
Komaram Bheem Asifabad,September,0,2017
Komaram Bheem Asifabad,October,0,2017
Komaram Bheem Asifabad,November,0,2017
Komaram Bheem Asifabad,December,0,2017
Mahabubabad,January,0,2017
Mahabubabad,February,0,2017
Mahabubabad,March,0,2017
Mahabubabad,April,0,2017
Mahabubabad,May,0,2017
Mahabubabad,June,0,2017
Mahabubabad,July,0,2017
Mahabubabad,August,0,2017
Mahabubabad,September,0,2017
Mahabubabad,October,0,2017
Mahabubabad,November,0,2017
Mahabubabad,December,0,2017
Mahbubnagar,January,42,2017
Mahbubnagar,February,39,2017
Mahbubnagar,March,38,2017
Mahbubnagar,April,39,2017
Mahbubnagar,May,41,2017
Mahbubnagar,June,43,2017
Mahbubnagar,July,42,2017
Mahbubnagar,August,44,2017
Mahbubnagar,September,54,2017
Mahbubnagar,October,47,2017
Mahbubnagar,November,49,2017
Mahbubnagar,December,42,2017
Mancherial,January,0,2017
Mancherial,February,0,2017
Mancherial,March,0,2017
Mancherial,April,0,2017
Mancherial,May,0,2017
Mancherial,June,,2017
Mancherial,July,0,2017
Mancherial,August,0,2017
Mancherial,September,0,2017
Mancherial,October,0,2017
Mancherial,November,0,2017
Mancherial,December,0,2017
Medak,January,0,2017
Medak,February,0,2017
Medak,March,0,2017
Medak,April,0,2017
Medak,May,0,2017
Medak,June,0,2017
Medak,July,0,2017
Medak,August,0,2017
Medak,September,0,2017
Medak,October,0,2017
Medak,November,0,2017
Medak,December,0,2017
Medchal,January,,2017
Medchal,February,,2017
Medchal,March,,2017
Medchal,April,,2017
Medchal,May,,2017
Medchal,June,,2017
Medchal,July,,2017
Medchal,August,,2017
Medchal,September,,2017
Medchal,October,,2017
Medchal,November,,2017
Medchal,December,,2017
Nagarkurnool,January,19,2017
Nagarkurnool,February,25,2017
Nagarkurnool,March,24,2017
Nagarkurnool,April,29,2017
Nagarkurnool,May,31,2017
Nagarkurnool,June,35,2017
Nagarkurnool,July,25,2017
Nagarkurnool,August,23,2017
Nagarkurnool,September,32,2017
Nagarkurnool,October,18,2017
Nagarkurnool,November,21,2017
Nagarkurnool,December,29,2017
Nalgonda,January,0,2017
Nalgonda,February,0,2017
Nalgonda,March,0,2017
Nalgonda,April,0,2017
Nalgonda,May,0,2017
Nalgonda,June,0,2017
Nalgonda,July,0,2017
Nalgonda,August,0,2017
Nalgonda,September,0,2017
Nalgonda,October,0,2017
Nalgonda,November,0,2017
Nalgonda,December,0,2017
Nirmal,January,0,2017
Nirmal,February,0,2017
Nirmal,March,0,2017
Nirmal,April,0,2017
Nirmal,May,0,2017
Nirmal,June,,2017
Nirmal,July,0,2017
Nirmal,August,0,2017
Nirmal,September,0,2017
Nirmal,October,0,2017
Nirmal,November,0,2017
Nirmal,December,0,2017
Nizamabad,January,0,2017
Nizamabad,February,0,2017
Nizamabad,March,0,2017
Nizamabad,April,2,2017
Nizamabad,May,0,2017
Nizamabad,June,0,2017
Nizamabad,July,0,2017
Nizamabad,August,0,2017
Nizamabad,September,0,2017
Nizamabad,October,0,2017
Nizamabad,November,0,2017
Nizamabad,December,0,2017
Peddapalli,January,0,2017
Peddapalli,February,0,2017
Peddapalli,March,0,2017
Peddapalli,April,0,2017
Peddapalli,May,0,2017
Peddapalli,June,0,2017
Peddapalli,July,0,2017
Peddapalli,August,0,2017
Peddapalli,September,0,2017
Peddapalli,October,0,2017
Peddapalli,November,0,2017
Peddapalli,December,0,2017
Rajanna Sircilla,January,0,2017
Rajanna Sircilla,February,0,2017
Rajanna Sircilla,March,0,2017
Rajanna Sircilla,April,0,2017
Rajanna Sircilla,May,0,2017
Rajanna Sircilla,June,0,2017
Rajanna Sircilla,July,0,2017
Rajanna Sircilla,August,0,2017
Rajanna Sircilla,September,0,2017
Rajanna Sircilla,October,0,2017
Rajanna Sircilla,November,0,2017
Rajanna Sircilla,December,0,2017
Ranga Reddy,January,,2017
Ranga Reddy,February,,2017
Ranga Reddy,March,,2017
Ranga Reddy,April,,2017
Ranga Reddy,May,,2017
Ranga Reddy,June,,2017
Ranga Reddy,July,,2017
Ranga Reddy,August,,2017
Ranga Reddy,September,,2017
Ranga Reddy,October,,2017
Ranga Reddy,November,,2017
Ranga Reddy,December,,2017
Sangareddy,January,0,2017
Sangareddy,February,0,2017
Sangareddy,March,0,2017
Sangareddy,April,0,2017
Sangareddy,May,0,2017
Sangareddy,June,0,2017
Sangareddy,July,0,2017
Sangareddy,August,0,2017
Sangareddy,September,0,2017
Sangareddy,October,0,2017
Sangareddy,November,0,2017
Sangareddy,December,0,2017
Siddipet,January,0,2017
Siddipet,February,0,2017
Siddipet,March,0,2017
Siddipet,April,0,2017
Siddipet,May,0,2017
Siddipet,June,0,2017
Siddipet,July,0,2017
Siddipet,August,0,2017
Siddipet,September,0,2017
Siddipet,October,0,2017
Siddipet,November,0,2017
Siddipet,December,0,2017
Suryapet,January,0,2017
Suryapet,February,0,2017
Suryapet,March,0,2017
Suryapet,April,0,2017
Suryapet,May,0,2017
Suryapet,June,0,2017
Suryapet,July,0,2017
Suryapet,August,0,2017
Suryapet,September,0,2017
Suryapet,October,0,2017
Suryapet,November,0,2017
Suryapet,December,0,2017
Vikarabad,January,,2017
Vikarabad,February,,2017
Vikarabad,March,,2017
Vikarabad,April,,2017
Vikarabad,May,,2017
Vikarabad,June,,2017
Vikarabad,July,,2017
Vikarabad,August,,2017
Vikarabad,September,,2017
Vikarabad,October,,2017
Vikarabad,November,,2017
Vikarabad,December,,2017
Wanaparthy,January,0,2017
Wanaparthy,February,0,2017
Wanaparthy,March,0,2017
Wanaparthy,April,0,2017
Wanaparthy,May,0,2017
Wanaparthy,June,0,2017
Wanaparthy,July,0,2017
Wanaparthy,August,0,2017
Wanaparthy,September,0,2017
Wanaparthy,October,0,2017
Wanaparthy,November,0,2017
Wanaparthy,December,0,2017
Warangal (Rural),January,35,2017
Warangal (Rural),February,25,2017
Warangal (Rural),March,17,2017
Warangal (Rural),April,19,2017
Warangal (Rural),May,21,2017
Warangal (Rural),June,24,2017
Warangal (Rural),July,25,2017
Warangal (Rural),August,28,2017
Warangal (Rural),September,26,2017
Warangal (Rural),October,25,2017
Warangal (Rural),November,29,2017
Warangal (Rural),December,32,2017
Warangal (Urban),January,235,2017
Warangal (Urban),February,242,2017
Warangal (Urban),March,238,2017
Warangal (Urban),April,209,2017
Warangal (Urban),May,211,2017
Warangal (Urban),June,194,2017
Warangal (Urban),July,116,2017
Warangal (Urban),August,219,2017
Warangal (Urban),September,225,2017
Warangal (Urban),October,236,2017
Warangal (Urban),November,255,2017
Warangal (Urban),December,250,2017
Yadadri Bhongir,January,0,2017
Yadadri Bhongir,February,0,2017
Yadadri Bhongir,March,0,2017
Yadadri Bhongir,April,0,2017
Yadadri Bhongir,May,0,2017
Yadadri Bhongir,June,0,2017
Yadadri Bhongir,July,0,2017
Yadadri Bhongir,August,0,2017
Yadadri Bhongir,September,0,2017
Yadadri Bhongir,October,0,2017
Yadadri Bhongir,November,0,2017
Yadadri Bhongir,December,0,2017
Adilabad,January,0,2018
Adilabad,February,0,2018
Adilabad,March,0,2018
Adilabad,April,0,2018
Adilabad,May,0,2018
Adilabad,June,0,2018
Adilabad,July,2,2018
Adilabad,August,3,2018
Adilabad,September,0,2018
Adilabad,October,0,2018
Adilabad,November,0,2018
Adilabad,December,0,2018
Bhadradri Kothagudem,January,0,2018
Bhadradri Kothagudem,February,0,2018
Bhadradri Kothagudem,March,0,2018
Bhadradri Kothagudem,April,0,2018
Bhadradri Kothagudem,May,0,2018
Bhadradri Kothagudem,June,0,2018
Bhadradri Kothagudem,July,0,2018
Bhadradri Kothagudem,August,0,2018
Bhadradri Kothagudem,September,0,2018
Bhadradri Kothagudem,October,0,2018
Bhadradri Kothagudem,November,0,2018
Bhadradri Kothagudem,December,0,2018
Hyderabad,January,35379,2018
Hyderabad,February,30414,2018
Hyderabad,March,27535,2018
Hyderabad,April,20830,2018
Hyderabad,May,21554,2018
Hyderabad,June,24677,2018
Hyderabad,July,17456,2018
Hyderabad,August,31217,2018
Hyderabad,September,22809,2018
Hyderabad,October,30072,2018
Hyderabad,November,23487,2018
Hyderabad,December,29358,2018
Jagtial,January,0,2018
Jagtial,February,0,2018
Jagtial,March,0,2018
Jagtial,April,0,2018
Jagtial,May,0,2018
Jagtial,June,0,2018
Jagtial,July,0,2018
Jagtial,August,0,2018
Jagtial,September,0,2018
Jagtial,October,0,2018
Jagtial,November,0,2018
Jagtial,December,0,2018
Jangaon,January,0,2018
Jangaon,February,0,2018
Jangaon,March,0,2018
Jangaon,April,0,2018
Jangaon,May,0,2018
Jangaon,June,0,2018
Jangaon,July,0,2018
Jangaon,August,0,2018
Jangaon,September,0,2018
Jangaon,October,0,2018
Jangaon,November,0,2018
Jangaon,December,0,2018
Jayashankar Bhoopalpally,January,50,2018
Jayashankar Bhoopalpally,February,60,2018
Jayashankar Bhoopalpally,March,70,2018
Jayashankar Bhoopalpally,April,45,2018
Jayashankar Bhoopalpally,May,40,2018
Jayashankar Bhoopalpally,June,35,2018
Jayashankar Bhoopalpally,July,40,2018
Jayashankar Bhoopalpally,August,35,2018
Jayashankar Bhoopalpally,September,40,2018
Jayashankar Bhoopalpally,October,40,2018
Jayashankar Bhoopalpally,November,40,2018
Jayashankar Bhoopalpally,December,44,2018
Jogulamba Gadwal,January,36,2018
Jogulamba Gadwal,February,6,2018
Jogulamba Gadwal,March,22,2018
Jogulamba Gadwal,April,15,2018
Jogulamba Gadwal,May,19,2018
Jogulamba Gadwal,June,19,2018
Jogulamba Gadwal,July,37,2018
Jogulamba Gadwal,August,42,2018
Jogulamba Gadwal,September,35,2018
Jogulamba Gadwal,October,13,2018
Jogulamba Gadwal,November,45,2018
Jogulamba Gadwal,December,11,2018
Kamareddy,January,0,2018
Kamareddy,February,0,2018
Kamareddy,March,0,2018
Kamareddy,April,0,2018
Kamareddy,May,0,2018
Kamareddy,June,0,2018
Kamareddy,July,0,2018
Kamareddy,August,0,2018
Kamareddy,September,0,2018
Kamareddy,October,0,2018
Kamareddy,November,0,2018
Kamareddy,December,0,2018
Karimnagar,January,0,2018
Karimnagar,February,0,2018
Karimnagar,March,0,2018
Karimnagar,April,0,2018
Karimnagar,May,0,2018
Karimnagar,June,0,2018
Karimnagar,July,0,2018
Karimnagar,August,0,2018
Karimnagar,September,0,2018
Karimnagar,October,0,2018
Karimnagar,November,0,2018
Karimnagar,December,0,2018
Khammam,January,0,2018
Khammam,February,0,2018
Khammam,March,0,2018
Khammam,April,0,2018
Khammam,May,0,2018
Khammam,June,0,2018
Khammam,July,0,2018
Khammam,August,0,2018
Khammam,September,0,2018
Khammam,October,0,2018
Khammam,November,0,2018
Khammam,December,0,2018
Komaram Bheem Asifabad,January,0,2018
Komaram Bheem Asifabad,February,0,2018
Komaram Bheem Asifabad,March,0,2018
Komaram Bheem Asifabad,April,0,2018
Komaram Bheem Asifabad,May,0,2018
Komaram Bheem Asifabad,June,0,2018
Komaram Bheem Asifabad,July,0,2018
Komaram Bheem Asifabad,August,0,2018
Komaram Bheem Asifabad,September,0,2018
Komaram Bheem Asifabad,October,0,2018
Komaram Bheem Asifabad,November,0,2018
Komaram Bheem Asifabad,December,0,2018
Mahabubabad,January,0,2018
Mahabubabad,February,0,2018
Mahabubabad,March,0,2018
Mahabubabad,April,0,2018
Mahabubabad,May,0,2018
Mahabubabad,June,0,2018
Mahabubabad,July,0,2018
Mahabubabad,August,0,2018
Mahabubabad,September,0,2018
Mahabubabad,October,0,2018
Mahabubabad,November,0,2018
Mahabubabad,December,0,2018
Mahbubnagar,January,45,2018
Mahbubnagar,February,29,2018
Mahbubnagar,March,28,2018
Mahbubnagar,April,26,2018
Mahbubnagar,May,26,2018
Mahbubnagar,June,26,2018
Mahbubnagar,July,47,2018
Mahbubnagar,August,44,2018
Mahbubnagar,September,52,2018
Mahbubnagar,October,37,2018
Mahbubnagar,November,68,2018
Mahbubnagar,December,26,2018
Mancherial,January,0,2018
Mancherial,February,0,2018
Mancherial,March,0,2018
Mancherial,April,0,2018
Mancherial,May,0,2018
Mancherial,June,0,2018
Mancherial,July,0,2018
Mancherial,August,0,2018
Mancherial,September,0,2018
Mancherial,October,0,2018
Mancherial,November,0,2018
Mancherial,December,0,2018
Medak,January,0,2018
Medak,February,0,2018
Medak,March,0,2018
Medak,April,0,2018
Medak,May,0,2018
Medak,June,0,2018
Medak,July,0,2018
Medak,August,0,2018
Medak,September,0,2018
Medak,October,0,2018
Medak,November,0,2018
Medak,December,0,2018
Medchal,January,0,2018
Medchal,February,0,2018
Medchal,March,0,2018
Medchal,April,0,2018
Medchal,May,0,2018
Medchal,June,0,2018
Medchal,July,0,2018
Medchal,August,0,2018
Medchal,September,0,2018
Medchal,October,0,2018
Medchal,November,0,2018
Medchal,December,0,2018
Nagarkurnool,January,35,2018
Nagarkurnool,February,15,2018
Nagarkurnool,March,14,2018
Nagarkurnool,April,15,2018
Nagarkurnool,May,19,2018
Nagarkurnool,June,15,2018
Nagarkurnool,July,17,2018
Nagarkurnool,August,22,2018
Nagarkurnool,September,22,2018
Nagarkurnool,October,8,2018
Nagarkurnool,November,30,2018
Nagarkurnool,December,10,2018
Nalgonda,January,0,2018
Nalgonda,February,0,2018
Nalgonda,March,0,2018
Nalgonda,April,0,2018
Nalgonda,May,0,2018
Nalgonda,June,0,2018
Nalgonda,July,0,2018
Nalgonda,August,0,2018
Nalgonda,September,0,2018
Nalgonda,October,0,2018
Nalgonda,November,0,2018
Nalgonda,December,0,2018
Nirmal,January,0,2018
Nirmal,February,0,2018
Nirmal,March,0,2018
Nirmal,April,0,2018
Nirmal,May,0,2018
Nirmal,June,0,2018
Nirmal,July,0,2018
Nirmal,August,2,2018
Nirmal,September,0,2018
Nirmal,October,0,2018
Nirmal,November,0,2018
Nirmal,December,0,2018
Nizamabad,January,1,2018
Nizamabad,February,0,2018
Nizamabad,March,0,2018
Nizamabad,April,0,2018
Nizamabad,May,0,2018
Nizamabad,June,0,2018
Nizamabad,July,1,2018
Nizamabad,August,0,2018
Nizamabad,September,0,2018
Nizamabad,October,0,2018
Nizamabad,November,0,2018
Nizamabad,December,0,2018
Peddapalli,January,0,2018
Peddapalli,February,0,2018
Peddapalli,March,0,2018
Peddapalli,April,0,2018
Peddapalli,May,0,2018
Peddapalli,June,0,2018
Peddapalli,July,0,2018
Peddapalli,August,0,2018
Peddapalli,September,0,2018
Peddapalli,October,0,2018
Peddapalli,November,0,2018
Peddapalli,December,0,2018
Rajanna Sircilla,January,0,2018
Rajanna Sircilla,February,0,2018
Rajanna Sircilla,March,0,2018
Rajanna Sircilla,April,0,2018
Rajanna Sircilla,May,0,2018
Rajanna Sircilla,June,0,2018
Rajanna Sircilla,July,0,2018
Rajanna Sircilla,August,0,2018
Rajanna Sircilla,September,0,2018
Rajanna Sircilla,October,0,2018
Rajanna Sircilla,November,0,2018
Rajanna Sircilla,December,0,2018
Ranga Reddy,January,0,2018
Ranga Reddy,February,0,2018
Ranga Reddy,March,0,2018
Ranga Reddy,April,0,2018
Ranga Reddy,May,0,2018
Ranga Reddy,June,0,2018
Ranga Reddy,July,0,2018
Ranga Reddy,August,0,2018
Ranga Reddy,September,0,2018
Ranga Reddy,October,0,2018
Ranga Reddy,November,0,2018
Ranga Reddy,December,0,2018
Sangareddy,January,0,2018
Sangareddy,February,0,2018
Sangareddy,March,0,2018
Sangareddy,April,0,2018
Sangareddy,May,0,2018
Sangareddy,June,0,2018
Sangareddy,July,0,2018
Sangareddy,August,0,2018
Sangareddy,September,0,2018
Sangareddy,October,0,2018
Sangareddy,November,0,2018
Sangareddy,December,0,2018
Siddipet,January,0,2018
Siddipet,February,0,2018
Siddipet,March,0,2018
Siddipet,April,0,2018
Siddipet,May,0,2018
Siddipet,June,0,2018
Siddipet,July,0,2018
Siddipet,August,0,2018
Siddipet,September,0,2018
Siddipet,October,0,2018
Siddipet,November,0,2018
Siddipet,December,0,2018
Suryapet,January,0,2018
Suryapet,February,0,2018
Suryapet,March,0,2018
Suryapet,April,0,2018
Suryapet,May,0,2018
Suryapet,June,0,2018
Suryapet,July,0,2018
Suryapet,August,0,2018
Suryapet,September,0,2018
Suryapet,October,0,2018
Suryapet,November,0,2018
Suryapet,December,0,2018
Vikarabad,January,0,2018
Vikarabad,February,0,2018
Vikarabad,March,0,2018
Vikarabad,April,0,2018
Vikarabad,May,0,2018
Vikarabad,June,0,2018
Vikarabad,July,0,2018
Vikarabad,August,0,2018
Vikarabad,September,0,2018
Vikarabad,October,0,2018
Vikarabad,November,0,2018
Vikarabad,December,0,2018
Wanaparthy,January,0,2018
Wanaparthy,February,0,2018
Wanaparthy,March,0,2018
Wanaparthy,April,0,2018
Wanaparthy,May,0,2018
Wanaparthy,June,0,2018
Wanaparthy,July,0,2018
Wanaparthy,August,0,2018
Wanaparthy,September,0,2018
Wanaparthy,October,0,2018
Wanaparthy,November,0,2018
Wanaparthy,December,0,2018
Warangal (Rural),January,0,2018
Warangal (Rural),February,0,2018
Warangal (Rural),March,0,2018
Warangal (Rural),April,0,2018
Warangal (Rural),May,0,2018
Warangal (Rural),June,0,2018
Warangal (Rural),July,0,2018
Warangal (Rural),August,0,2018
Warangal (Rural),September,0,2018
Warangal (Rural),October,0,2018
Warangal (Rural),November,0,2018
Warangal (Rural),December,0,2018
Warangal (Urban),January,150,2018
Warangal (Urban),February,185,2018
Warangal (Urban),March,160,2018
Warangal (Urban),April,150,2018
Warangal (Urban),May,140,2018
Warangal (Urban),June,130,2018
Warangal (Urban),July,130,2018
Warangal (Urban),August,135,2018
Warangal (Urban),September,145,2018
Warangal (Urban),October,160,2018
Warangal (Urban),November,170,2018
Warangal (Urban),December,187,2018
Yadadri Bhongir,January,0,2018
Yadadri Bhongir,February,0,2018
Yadadri Bhongir,March,0,2018
Yadadri Bhongir,April,0,2018
Yadadri Bhongir,May,0,2018
Yadadri Bhongir,June,0,2018
Yadadri Bhongir,July,0,2018
Yadadri Bhongir,August,0,2018
Yadadri Bhongir,September,0,2018
Yadadri Bhongir,October,0,2018
Yadadri Bhongir,November,0,2018
Yadadri Bhongir,December,0,2018
Adilabad,January,0,2019
Adilabad,February,2,2019
Adilabad,March,0,2019
Adilabad,April,0,2019
Adilabad,May,0,2019
Adilabad,June,0,2019
Adilabad,July,0,2019
Adilabad,August,2,2019
Adilabad,September,0,2019
Adilabad,October,0,2019
Adilabad,November,2,2019
Adilabad,December,0,2019
Bhadradri Kothagudem,January,0,2019
Bhadradri Kothagudem,February,0,2019
Bhadradri Kothagudem,March,0,2019
Bhadradri Kothagudem,April,0,2019
Bhadradri Kothagudem,May,0,2019
Bhadradri Kothagudem,June,0,2019
Bhadradri Kothagudem,July,0,2019
Bhadradri Kothagudem,August,0,2019
Bhadradri Kothagudem,September,0,2019
Bhadradri Kothagudem,October,0,2019
Bhadradri Kothagudem,November,0,2019
Bhadradri Kothagudem,December,0,2019
Hyderabad,January,35920,2019
Hyderabad,February,25621,2019
Hyderabad,March,21929,2019
Hyderabad,April,18267,2019
Hyderabad,May,17317,2019
Hyderabad,June,20077,2019
Hyderabad,July,27874,2019
Hyderabad,August,22725,2019
Hyderabad,September,34018,2019
Hyderabad,October,28706,2019
Hyderabad,November,32762,2019
Hyderabad,December,34084,2019
Jagtial,January,0,2019
Jagtial,February,0,2019
Jagtial,March,0,2019
Jagtial,April,0,2019
Jagtial,May,0,2019
Jagtial,June,0,2019
Jagtial,July,0,2019
Jagtial,August,0,2019
Jagtial,September,0,2019
Jagtial,October,0,2019
Jagtial,November,0,2019
Jagtial,December,0,2019
Jangaon,January,0,2019
Jangaon,February,0,2019
Jangaon,March,0,2019
Jangaon,April,0,2019
Jangaon,May,0,2019
Jangaon,June,0,2019
Jangaon,July,0,2019
Jangaon,August,0,2019
Jangaon,September,0,2019
Jangaon,October,0,2019
Jangaon,November,0,2019
Jangaon,December,0,2019
Jayashankar Bhoopalpally,January,45,2019
Jayashankar Bhoopalpally,February,0,2019
Jayashankar Bhoopalpally,March,0,2019
Jayashankar Bhoopalpally,April,0,2019
Jayashankar Bhoopalpally,May,0,2019
Jayashankar Bhoopalpally,June,0,2019
Jayashankar Bhoopalpally,July,0,2019
Jayashankar Bhoopalpally,August,0,2019
Jayashankar Bhoopalpally,September,0,2019
Jayashankar Bhoopalpally,October,0,2019
Jayashankar Bhoopalpally,November,0,2019
Jayashankar Bhoopalpally,December,0,2019
Jogulamba Gadwal,January,36,2019
Jogulamba Gadwal,February,6,2019
Jogulamba Gadwal,March,22,2019
Jogulamba Gadwal,April,16,2019
Jogulamba Gadwal,May,20,2019
Jogulamba Gadwal,June,22,2019
Jogulamba Gadwal,July,37,2019
Jogulamba Gadwal,August,42,2019
Jogulamba Gadwal,September,25,2019
Jogulamba Gadwal,October,13,2019
Jogulamba Gadwal,November,45,2019
Jogulamba Gadwal,December,11,2019
Kamareddy,January,0,2019
Kamareddy,February,0,2019
Kamareddy,March,0,2019
Kamareddy,April,0,2019
Kamareddy,May,0,2019
Kamareddy,June,0,2019
Kamareddy,July,0,2019
Kamareddy,August,0,2019
Kamareddy,September,0,2019
Kamareddy,October,0,2019
Kamareddy,November,0,2019
Kamareddy,December,0,2019
Karimnagar,January,0,2019
Karimnagar,February,0,2019
Karimnagar,March,0,2019
Karimnagar,April,0,2019
Karimnagar,May,0,2019
Karimnagar,June,0,2019
Karimnagar,July,0,2019
Karimnagar,August,0,2019
Karimnagar,September,0,2019
Karimnagar,October,0,2019
Karimnagar,November,0,2019
Karimnagar,December,0,2019
Khammam,January,0,2019
Khammam,February,0,2019
Khammam,March,0,2019
Khammam,April,0,2019
Khammam,May,0,2019
Khammam,June,0,2019
Khammam,July,0,2019
Khammam,August,0,2019
Khammam,September,0,2019
Khammam,October,0,2019
Khammam,November,0,2019
Khammam,December,0,2019
Komaram Bheem Asifabad,January,0,2019
Komaram Bheem Asifabad,February,0,2019
Komaram Bheem Asifabad,March,0,2019
Komaram Bheem Asifabad,April,0,2019
Komaram Bheem Asifabad,May,0,2019
Komaram Bheem Asifabad,June,0,2019
Komaram Bheem Asifabad,July,0,2019
Komaram Bheem Asifabad,August,0,2019
Komaram Bheem Asifabad,September,0,2019
Komaram Bheem Asifabad,October,0,2019
Komaram Bheem Asifabad,November,0,2019
Komaram Bheem Asifabad,December,0,2019
Mahabubabad,January,0,2019
Mahabubabad,February,0,2019
Mahabubabad,March,0,2019
Mahabubabad,April,0,2019
Mahabubabad,May,0,2019
Mahabubabad,June,0,2019
Mahabubabad,July,0,2019
Mahabubabad,August,0,2019
Mahabubabad,September,0,2019
Mahabubabad,October,0,2019
Mahabubabad,November,0,2019
Mahabubabad,December,0,2019
Mahbubnagar,January,45,2019
Mahbubnagar,February,29,2019
Mahbubnagar,March,28,2019
Mahbubnagar,April,34,2019
Mahbubnagar,May,20,2019
Mahbubnagar,June,28,2019
Mahbubnagar,July,47,2019
Mahbubnagar,August,44,2019
Mahbubnagar,September,34,2019
Mahbubnagar,October,37,2019
Mahbubnagar,November,68,2019
Mahbubnagar,December,26,2019
Mancherial,January,0,2019
Mancherial,February,0,2019
Mancherial,March,0,2019
Mancherial,April,0,2019
Mancherial,May,0,2019
Mancherial,June,0,2019
Mancherial,July,0,2019
Mancherial,August,0,2019
Mancherial,September,0,2019
Mancherial,October,0,2019
Mancherial,November,10,2019
Mancherial,December,0,2019
Medak,January,0,2019
Medak,February,0,2019
Medak,March,0,2019
Medak,April,0,2019
Medak,May,0,2019
Medak,June,0,2019
Medak,July,0,2019
Medak,August,0,2019
Medak,September,0,2019
Medak,October,0,2019
Medak,November,0,2019
Medak,December,0,2019
Kamareddy,January,0,2019
Kamareddy,February,0,2019
Kamareddy,March,0,2019
Kamareddy,April,0,2019
Kamareddy,May,0,2019
Kamareddy,June,0,2019
Kamareddy,July,0,2019
Kamareddy,August,0,2019
Kamareddy,September,0,2019
Kamareddy,October,0,2019
Kamareddy,November,0,2019
Kamareddy,December,0,2019
Karimnagar,January,0,2019
Karimnagar,February,0,2019
Karimnagar,March,0,2019
Karimnagar,April,0,2019
Karimnagar,May,0,2019
Karimnagar,June,0,2019
Karimnagar,July,0,2019
Karimnagar,August,0,2019
Karimnagar,September,0,2019
Karimnagar,October,0,2019
Karimnagar,November,0,2019
Karimnagar,December,0,2019
Khammam,January,0,2019
Khammam,February,0,2019
Khammam,March,0,2019
Khammam,April,0,2019
Khammam,May,0,2019
Khammam,June,0,2019
Khammam,July,0,2019
Khammam,August,0,2019
Khammam,September,0,2019
Khammam,October,0,2019
Khammam,November,0,2019
Khammam,December,0,2019
Komaram Bheem Asifabad,January,0,2019
Komaram Bheem Asifabad,February,0,2019
Komaram Bheem Asifabad,March,0,2019
Komaram Bheem Asifabad,April,0,2019
Komaram Bheem Asifabad,May,0,2019
Komaram Bheem Asifabad,June,0,2019
Komaram Bheem Asifabad,July,0,2019
Komaram Bheem Asifabad,August,0,2019
Komaram Bheem Asifabad,September,0,2019
Komaram Bheem Asifabad,October,0,2019
Komaram Bheem Asifabad,November,0,2019
Komaram Bheem Asifabad,December,0,2019
Mahabubabad,January,0,2019
Mahabubabad,February,0,2019
Mahabubabad,March,0,2019
Mahabubabad,April,0,2019
Mahabubabad,May,0,2019
Mahabubabad,June,0,2019
Mahabubabad,July,0,2019
Mahabubabad,August,0,2019
Mahabubabad,September,0,2019
Mahabubabad,October,0,2019
Mahabubabad,November,0,2019
Mahabubabad,December,0,2019
Mahbubnagar,January,45,2019
Mahbubnagar,February,29,2019
Mahbubnagar,March,28,2019
Mahbubnagar,April,34,2019
Mahbubnagar,May,20,2019
Mahbubnagar,June,28,2019
Mahbubnagar,July,47,2019
Mahbubnagar,August,44,2019
Mahbubnagar,September,34,2019
Mahbubnagar,October,37,2019
Mahbubnagar,November,68,2019
Mahbubnagar,December,26,2019
Mancherial,January,0,2019
Mancherial,February,0,2019
Mancherial,March,0,2019
Mancherial,April,0,2019
Mancherial,May,0,2019
Mancherial,June,0,2019
Mancherial,July,0,2019
Mancherial,August,0,2019
Mancherial,September,0,2019
Mancherial,October,0,2019
Mancherial,November,10,2019
Mancherial,December,0,2019
Medak,January,0,2019
Medak,February,0,2019
Medak,March,0,2019
Medak,April,0,2019
Medak,May,0,2019
Medak,June,0,2019
Medak,July,0,2019
Medak,August,0,2019
Medak,September,0,2019
Medak,October,0,2019
Medak,November,0,2019
Medak,December,0,2019
Medchal,January,,2019
Medchal,February,,2019
Medchal,March,,2019
Medchal,April,,2019
Medchal,May,,2019
Medchal,June,,2019
Medchal,July,,2019
Medchal,August,,2019
Medchal,September,,2019
Medchal,October,,2019
Medchal,November,,2019
Medchal,December,,2019
Adilabad,January,0,2020
Adilabad,February,0,2020
Adilabad,March,0,2020
Adilabad,April,0,2020
Adilabad,May,0,2020
Adilabad,June,0,2020
Adilabad,July,0,2020
Adilabad,August,0,2020
Adilabad,September,0,2020
Adilabad,October,0,2020
Adilabad,November,0,2020
Adilabad,December,0,2020
Bhadradri Kothagudem,January,0,2020
Bhadradri Kothagudem,February,0,2020
Bhadradri Kothagudem,March,0,2020
Bhadradri Kothagudem,April,0,2020
Bhadradri Kothagudem,May,0,2020
Bhadradri Kothagudem,June,0,2020
Bhadradri Kothagudem,July,0,2020
Bhadradri Kothagudem,August,0,2020
Bhadradri Kothagudem,September,0,2020
Bhadradri Kothagudem,October,0,2020
Bhadradri Kothagudem,November,0,2020
Bhadradri Kothagudem,December,0,2020
Hyderabad,January,25174,2020
Hyderabad,February,16521,2020
Hyderabad,March,3724,2020
Hyderabad,April,,2020
Hyderabad,May,,2020
Hyderabad,June,,2020
Hyderabad,July,,2020
Hyderabad,August,,2020
Hyderabad,September,6,2020
Hyderabad,October,76,2020
Hyderabad,November,128,2020
Hyderabad,December,230,2020
Jagtial,January,0,2020
Jagtial,February,0,2020
Jagtial,March,0,2020
Jagtial,April,0,2020
Jagtial,May,0,2020
Jagtial,June,0,2020
Jagtial,July,0,2020
Jagtial,August,0,2020
Jagtial,September,0,2020
Jagtial,October,0,2020
Jagtial,November,0,2020
Jagtial,December,0,2020
Jangaon,January,0,2020
Jangaon,February,0,2020
Jangaon,March,0,2020
Jangaon,April,0,2020
Jangaon,May,0,2020
Jangaon,June,0,2020
Jangaon,July,0,2020
Jangaon,August,0,2020
Jangaon,September,0,2020
Jangaon,October,0,2020
Jangaon,November,0,2020
Jangaon,December,0,2020
Jayashankar Bhoopalpally,January,0,2020
Jayashankar Bhoopalpally,February,0,2020
Jayashankar Bhoopalpally,March,0,2020
Jayashankar Bhoopalpally,April,0,2020
Jayashankar Bhoopalpally,May,0,2020
Jayashankar Bhoopalpally,June,0,2020
Jayashankar Bhoopalpally,July,0,2020
Jayashankar Bhoopalpally,August,0,2020
Jayashankar Bhoopalpally,September,0,2020
Jayashankar Bhoopalpally,October,0,2020
Jayashankar Bhoopalpally,November,0,2020
Jayashankar Bhoopalpally,December,0,2020
Jogulamba Gadwal,January,36,2020
Jogulamba Gadwal,February,6,2020
Jogulamba Gadwal,March,0,2020
Jogulamba Gadwal,April,0,2020
Jogulamba Gadwal,May,0,2020
Jogulamba Gadwal,June,0,2020
Jogulamba Gadwal,July,0,2020
Jogulamba Gadwal,August,0,2020
Jogulamba Gadwal,September,0,2020
Jogulamba Gadwal,October,0,2020
Jogulamba Gadwal,November,0,2020
Jogulamba Gadwal,December,0,2020
Kamareddy,January,0,2020
Kamareddy,February,0,2020
Kamareddy,March,0,2020
Kamareddy,April,0,2020
Kamareddy,May,0,2020
Kamareddy,June,,2020
Kamareddy,July,0,2020
Kamareddy,August,0,2020
Kamareddy,September,0,2020
Kamareddy,October,0,2020
Kamareddy,November,0,2020
Kamareddy,December,0,2020
Karimnagar,January,0,2020
Karimnagar,February,0,2020
Karimnagar,March,0,2020
Karimnagar,April,0,2020
Karimnagar,May,0,2020
Karimnagar,June,0,2020
Karimnagar,July,0,2020
Karimnagar,August,0,2020
Karimnagar,September,0,2020
Karimnagar,October,0,2020
Karimnagar,November,0,2020
Karimnagar,December,0,2020
Khammam,January,0,2020
Khammam,February,0,2020
Khammam,March,0,2020
Khammam,April,0,2020
Khammam,May,0,2020
Khammam,June,0,2020
Khammam,July,0,2020
Khammam,August,0,2020
Khammam,September,0,2020
Khammam,October,0,2020
Khammam,November,0,2020
Khammam,December,0,2020
Komaram Bheem Asifabad,January,0,2020
Komaram Bheem Asifabad,February,0,2020
Komaram Bheem Asifabad,March,0,2020
Komaram Bheem Asifabad,April,0,2020
Komaram Bheem Asifabad,May,0,2020
Komaram Bheem Asifabad,June,0,2020
Komaram Bheem Asifabad,July,0,2020
Komaram Bheem Asifabad,August,0,2020
Komaram Bheem Asifabad,September,0,2020
Komaram Bheem Asifabad,October,0,2020
Komaram Bheem Asifabad,November,0,2020
Komaram Bheem Asifabad,December,0,2020
Mahabubabad,January,0,2020
Mahabubabad,February,0,2020
Mahabubabad,March,0,2020
Mahabubabad,April,0,2020
Mahabubabad,May,0,2020
Mahabubabad,June,0,2020
Mahabubabad,July,0,2020
Mahabubabad,August,0,2020
Mahabubabad,September,0,2020
Mahabubabad,October,0,2020
Mahabubabad,November,0,2020
Mahabubabad,December,0,2020
Mahbubnagar,January,45,2020
Mahbubnagar,February,29,2020
Mahbubnagar,March,0,2020
Mahbubnagar,April,0,2020
Mahbubnagar,May,0,2020
Mahbubnagar,June,0,2020
Mahbubnagar,July,0,2020
Mahbubnagar,August,0,2020
Mahbubnagar,September,0,2020
Mahbubnagar,October,0,2020
Mahbubnagar,November,0,2020
Mahbubnagar,December,0,2020
Mancherial,January,0,2020
Mancherial,February,0,2020
Mancherial,March,0,2020
Mancherial,April,0,2020
Mancherial,May,0,2020
Mancherial,June,0,2020
Mancherial,July,0,2020
Mancherial,August,0,2020
Mancherial,September,0,2020
Mancherial,October,0,2020
Mancherial,November,0,2020
Mancherial,December,0,2020
Medak,January,0,2020
Medak,February,0,2020
Medak,March,0,2020
Medak,April,0,2020
Medak,May,0,2020
Medak,June,0,2020
Medak,July,0,2020
Medak,August,0,2020
Medak,September,0,2020
Medak,October,0,2020
Medak,November,0,2020
Medak,December,0,2020
Medchal,January,,2020
Medchal,February,,2020
Medchal,March,,2020
Medchal,April,,2020
Medchal,May,,2020
Medchal,June,,2020
Medchal,July,,2020
Medchal,August,,2020
Medchal,September,,2020
Medchal,October,,2020
Medchal,November,,2020
Medchal,December,,2020
Mulugu,January,70,2020
Mulugu,February,60,2020
Mulugu,March,15,2020
Mulugu,April,0,2020
Mulugu,May,0,2020
Mulugu,June,0,2020
Mulugu,July,0,2020
Mulugu,August,0,2020
Mulugu,September,0,2020
Mulugu,October,0,2020
Mulugu,November,0,2020
Mulugu,December,0,2020
Nagarkurnool,January,35,2020
Nagarkurnool,February,15,2020
Nagarkurnool,March,0,2020
Nagarkurnool,April,0,2020
Nagarkurnool,May,0,2020
Nagarkurnool,June,0,2020
Nagarkurnool,July,0,2020
Nagarkurnool,August,0,2020
Nagarkurnool,September,0,2020
Nagarkurnool,October,0,2020
Nagarkurnool,November,0,2020
Nagarkurnool,December,0,2020
Nalgonda,January,0,2020
Nalgonda,February,0,2020
Nalgonda,March,0,2020
Nalgonda,April,0,2020
Nalgonda,May,0,2020
Nalgonda,June,0,2020
Nalgonda,July,0,2020
Nalgonda,August,0,2020
Nalgonda,September,0,2020
Nalgonda,October,0,2020
Nalgonda,November,0,2020
Nalgonda,December,0,2020
Narayanpet,January,0,2020
Narayanpet,February,0,2020
Narayanpet,March,0,2020
Narayanpet,April,0,2020
Narayanpet,May,0,2020
Narayanpet,June,0,2020
Narayanpet,July,0,2020
Narayanpet,August,0,2020
Narayanpet,September,0,2020
Narayanpet,October,0,2020
Narayanpet,November,0,2020
Narayanpet,December,0,2020
Nirmal,January,0,2020
Nirmal,February,0,2020
Nirmal,March,0,2020
Nirmal,April,0,2020
Nirmal,May,0,2020
Nirmal,June,0,2020
Nirmal,July,0,2020
Nirmal,August,0,2020
Nirmal,September,0,2020
Nirmal,October,0,2020
Nirmal,November,0,2020
Nirmal,December,0,2020
Nizamabad,January,0,2020
Nizamabad,February,0,2020
Nizamabad,March,0,2020
Nizamabad,April,0,2020
Nizamabad,May,0,2020
Nizamabad,June,0,2020
Nizamabad,July,0,2020
Nizamabad,August,0,2020
Nizamabad,September,0,2020
Nizamabad,October,0,2020
Nizamabad,November,0,2020
Nizamabad,December,0,2020
Peddapalli,January,0,2020
Peddapalli,February,0,2020
Peddapalli,March,0,2020
Peddapalli,April,0,2020
Peddapalli,May,0,2020
Peddapalli,June,0,2020
Peddapalli,July,0,2020
Peddapalli,August,0,2020
Peddapalli,September,0,2020
Peddapalli,October,0,2020
Peddapalli,November,0,2020
Peddapalli,December,0,2020
Rajanna Sircilla,January,0,2020
Rajanna Sircilla,February,0,2020
Rajanna Sircilla,March,0,2020
Rajanna Sircilla,April,0,2020
Rajanna Sircilla,May,0,2020
Rajanna Sircilla,June,0,2020
Rajanna Sircilla,July,0,2020
Rajanna Sircilla,August,0,2020
Rajanna Sircilla,September,0,2020
Rajanna Sircilla,October,0,2020
Rajanna Sircilla,November,0,2020
Rajanna Sircilla,December,0,2020
Ranga Reddy,January,,2020
Ranga Reddy,February,,2020
Ranga Reddy,March,,2020
Ranga Reddy,April,,2020
Ranga Reddy,May,,2020
Ranga Reddy,June,,2020
Ranga Reddy,July,,2020
Ranga Reddy,August,,2020
Ranga Reddy,September,,2020
Ranga Reddy,October,,2020
Ranga Reddy,November,,2020
Ranga Reddy,December,,2020
Sangareddy,January,0,2020
Sangareddy,February,0,2020
Sangareddy,March,0,2020
Sangareddy,April,0,2020
Sangareddy,May,0,2020
Sangareddy,June,0,2020
Sangareddy,July,0,2020
Sangareddy,August,0,2020
Sangareddy,September,0,2020
Sangareddy,October,0,2020
Sangareddy,November,0,2020
Sangareddy,December,0,2020
Siddipet,January,0,2020
Siddipet,February,0,2020
Siddipet,March,0,2020
Siddipet,April,0,2020
Siddipet,May,0,2020
Siddipet,June,0,2020
Siddipet,July,0,2020
Siddipet,August,0,2020
Siddipet,September,0,2020
Siddipet,October,0,2020
Siddipet,November,0,2020
Siddipet,December,0,2020
Suryapet,January,0,2020
Suryapet,February,0,2020
Suryapet,March,0,2020
Suryapet,April,0,2020
Suryapet,May,0,2020
Suryapet,June,0,2020
Suryapet,July,0,2020
Suryapet,August,0,2020
Suryapet,September,0,2020
Suryapet,October,0,2020
Suryapet,November,0,2020
Suryapet,December,0,2020
Vikarabad,January,,2020
Vikarabad,February,,2020
Vikarabad,March,,2020
Vikarabad,April,,2020
Vikarabad,May,,2020
Vikarabad,June,,2020
Vikarabad,July,,2020
Vikarabad,August,,2020
Vikarabad,September,,2020
Vikarabad,October,,2020
Vikarabad,November,,2020
Vikarabad,December,,2020
Wanaparthy,January,0,2020
Wanaparthy,February,0,2020
Wanaparthy,March,0,2020
Wanaparthy,April,0,2020
Wanaparthy,May,0,2020
Wanaparthy,June,0,2020
Wanaparthy,July,0,2020
Wanaparthy,August,0,2020
Wanaparthy,September,0,2020
Wanaparthy,October,0,2020
Wanaparthy,November,0,2020
Wanaparthy,December,0,2020
Warangal (Rural),January,0,2020
Warangal (Rural),February,0,2020
Warangal (Rural),March,0,2020
Warangal (Rural),April,0,2020
Warangal (Rural),May,0,2020
Warangal (Rural),June,0,2020
Warangal (Rural),July,0,2020
Warangal (Rural),August,0,2020
Warangal (Rural),September,0,2020
Warangal (Rural),October,0,2020
Warangal (Rural),November,0,2020
Warangal (Rural),December,0,2020
Warangal (Urban),January,225,2020
Warangal (Urban),February,225,2020
Warangal (Urban),March,80,2020
Warangal (Urban),April,0,2020
Warangal (Urban),May,0,2020
Warangal (Urban),June,0,2020
Warangal (Urban),July,0,2020
Warangal (Urban),August,0,2020
Warangal (Urban),September,0,2020
Warangal (Urban),October,0,2020
Warangal (Urban),November,0,2020
Warangal (Urban),December,0,2020
Yadadri Bhongir,January,0,2020
Yadadri Bhongir,February,0,2020
Yadadri Bhongir,March,0,2020
Yadadri Bhongir,April,0,2020
Yadadri Bhongir,May,0,2020
Yadadri Bhongir,June,0,2020
Yadadri Bhongir,July,0,2020
Yadadri Bhongir,August,0,2020
Yadadri Bhongir,September,0,2020
Yadadri Bhongir,October,0,2020
Yadadri Bhongir,November,0,2020
Yadadri Bhongir,December,0,2020
Adilabad,January,0,2021
Adilabad,February,0,2021
Adilabad,March,0,2021
Adilabad,April,0,2021
Adilabad,May,0,2021
Adilabad,June,0,2021
Adilabad,July,0,2021
Adilabad,August,0,2021
Adilabad,September,0,2021
Adilabad,October,0,2021
Adilabad,November,0,2021
Adilabad,December,0,2021
Bhadradri Kothagudem,January,0,2021
Bhadradri Kothagudem,February,0,2021
Bhadradri Kothagudem,March,0,2021
Bhadradri Kothagudem,April,0,2021
Bhadradri Kothagudem,May,0,2021
Bhadradri Kothagudem,June,0,2021
Bhadradri Kothagudem,July,0,2021
Bhadradri Kothagudem,August,0,2021
Bhadradri Kothagudem,September,0,2021
Bhadradri Kothagudem,October,0,2021
Bhadradri Kothagudem,November,0,2021
Bhadradri Kothagudem,December,0,2021
Hanumakonda,January,0,2021
Hanumakonda,February,0,2021
Hanumakonda,March,80,2021
Hanumakonda,April,5,2021
Hanumakonda,May,0,2021
Hanumakonda,June,0,2021
Hanumakonda,July,0,2021
Hanumakonda,August,3,2021
Hanumakonda,September,5,2021
Hanumakonda,October,5,2021
Hanumakonda,November,8,2021
Hanumakonda,December,6,2021
Hyderabad & Ranga Reddy & Medchal & Vikarabad,January,758,2021
Hyderabad & Ranga Reddy & Medchal & Vikarabad,February,814,2021
Hyderabad & Ranga Reddy & Medchal & Vikarabad,March,294,2021
Hyderabad & Ranga Reddy & Medchal & Vikarabad,April,90,2021
Hyderabad & Ranga Reddy & Medchal & Vikarabad,May,158,2021
Hyderabad & Ranga Reddy & Medchal & Vikarabad,June,79,2021
Hyderabad & Ranga Reddy & Medchal & Vikarabad,July,131,2021
Hyderabad & Ranga Reddy & Medchal & Vikarabad,August,169,2021
Hyderabad & Ranga Reddy & Medchal & Vikarabad,September,343,2021
Hyderabad & Ranga Reddy & Medchal & Vikarabad,October,931,2021
Hyderabad & Ranga Reddy & Medchal & Vikarabad,November,758,2021
Hyderabad & Ranga Reddy & Medchal & Vikarabad,December,1220,2021
Jagtial,January,0,2021
Jagtial,February,0,2021
Jagtial,March,0,2021
Jagtial,April,0,2021
Jagtial,May,0,2021
Jagtial,June,0,2021
Jagtial,July,0,2021
Jagtial,August,0,2021
Jagtial,September,0,2021
Jagtial,October,0,2021
Jagtial,November,0,2021
Jagtial,December,0,2021
Jangaon,January,0,2021
Jangaon,February,0,2021
Jangaon,March,0,2021
Jangaon,April,0,2021
Jangaon,May,0,2021
Jangaon,June,0,2021
Jangaon,July,0,2021
Jangaon,August,0,2021
Jangaon,September,0,2021
Jangaon,October,0,2021
Jangaon,November,0,2021
Jangaon,December,0,2021
Jayashankar Bhoopalpally,January,0,2021
Jayashankar Bhoopalpally,February,0,2021
Jayashankar Bhoopalpally,March,0,2021
Jayashankar Bhoopalpally,April,0,2021
Jayashankar Bhoopalpally,May,0,2021
Jayashankar Bhoopalpally,June,0,2021
Jayashankar Bhoopalpally,July,0,2021
Jayashankar Bhoopalpally,August,0,2021
Jayashankar Bhoopalpally,September,0,2021
Jayashankar Bhoopalpally,October,0,2021
Jayashankar Bhoopalpally,November,0,2021
Jayashankar Bhoopalpally,December,0,2021
Vikarabad,January,0,2021
Vikarabad,February,0,2021
Vikarabad,March,0,2021
Vikarabad,April,0,2021
Vikarabad,May,0,2021
Vikarabad,June,0,2021
Vikarabad,July,0,2021
Vikarabad,August,0,2021
Vikarabad,September,0,2021
Vikarabad,October,0,2021
Vikarabad,November,0,2021
Vikarabad,December,0,2021
Wanaparthy,January,0,2021
Wanaparthy,February,0,2021
Wanaparthy,March,0,2021
Wanaparthy,April,0,2021
Wanaparthy,May,0,2021
Wanaparthy,June,0,2021
Wanaparthy,July,0,2021
Wanaparthy,August,0,2021
Wanaparthy,September,0,2021
Wanaparthy,October,0,2021
Wanaparthy,November,0,2021
Wanaparthy,December,0,2021
Warangal,January,0,2021
Warangal,February,0,2021
Warangal,March,0,2021
Warangal,April,0,2021
Warangal,May,0,2021
Warangal,June,0,2021
Warangal,July,0,2021
Warangal,August,0,2021
Warangal,September,0,2021
Warangal,October,0,2021
Warangal,November,0,2021
Warangal,December,0,2021
Yadadri Bhongir,January,0,2021
Yadadri Bhongir,February,0,2021
Yadadri Bhongir,March,0,2021
Yadadri Bhongir,April,0,2021
Yadadri Bhongir,May,0,2021
Yadadri Bhongir,June,0,2021
Yadadri Bhongir,July,0,2021
Yadadri Bhongir,August,0,2021
Yadadri Bhongir,September,0,2021
Yadadri Bhongir,October,0,2021
Yadadri Bhongir,November,0,2021
Yadadri Bhongir,December,0,2021
Adilabad,January,0,2022
Adilabad,February,2,2022
Adilabad,March,0,2022
Adilabad,April,0,2022
Adilabad,May,0,2022
Adilabad,June,0,2022
Adilabad,July,0,2022
Adilabad,August,0,2022
Adilabad,September,0,2022
Adilabad,October,0,2022
Adilabad,November,0,2022
Adilabad,December,0,2022
Bhadradri Kothagudem,January,0,2022
Bhadradri Kothagudem,February,0,2022
Bhadradri Kothagudem,March,0,2022
Bhadradri Kothagudem,April,0,2022
Bhadradri Kothagudem,May,0,2022
Bhadradri Kothagudem,June,0,2022
Bhadradri Kothagudem,July,0,2022
Bhadradri Kothagudem,August,0,2022
Bhadradri Kothagudem,September,0,2022
Bhadradri Kothagudem,October,0,2022
Bhadradri Kothagudem,November,0,2022
Bhadradri Kothagudem,December,0,2022
Hunmakonda,January,8,2022
Hunmakonda,February,8,2022
Hunmakonda,March,8,2022
Hunmakonda,April,8,2022
Hunmakonda,May,7,2022
Hunmakonda,June,7,2022
Hunmakonda,July,9,2022
Hunmakonda,August,0,2022
Hunmakonda,September,0,2022
Hunmakonda,October,9,2022
Hunmakonda,November,0,2022
Hunmakonda,December,0,2022
Hyderabad & Ranga Reddy & Medchal & Vikarabad,January,575,2022
Hyderabad & Ranga Reddy & Medchal & Vikarabad,February,592,2022
Hyderabad & Ranga Reddy & Medchal & Vikarabad,March,1907,2022
Hyderabad & Ranga Reddy & Medchal & Vikarabad,April,4959,2022
Hyderabad & Ranga Reddy & Medchal & Vikarabad,May,7841,2022
Hyderabad & Ranga Reddy & Medchal & Vikarabad,June,5241,2022
Hyderabad & Ranga Reddy & Medchal & Vikarabad,July,6972,2022
Hyderabad & Ranga Reddy & Medchal & Vikarabad,August,13256,2022
Hyderabad & Ranga Reddy & Medchal & Vikarabad,September,7828,2022
Hyderabad & Ranga Reddy & Medchal & Vikarabad,October,5206,2022
Hyderabad & Ranga Reddy & Medchal & Vikarabad,November,4524,2022
Hyderabad & Ranga Reddy & Medchal & Vikarabad,December,9275,2022
Jagtial,January,0,2022
Jagtial,February,0,2022
Jagtial,March,0,2022
Jagtial,April,0,2022
Jagtial,May,0,2022
Jagtial,June,0,2022
Jagtial,July,0,2022
Jagtial,August,0,2022
Jagtial,September,0,2022
Jagtial,October,0,2022
Jagtial,November,0,2022
Jagtial,December,0,2022
Jangaon,January,0,2022
Jangaon,February,0,2022
Jangaon,March,0,2022
Jangaon,April,0,2022
Jangaon,May,0,2022
Jangaon,June,0,2022
Jangaon,July,0,2022
Jangaon,August,0,2022
Jangaon,September,0,2022
Jangaon,October,0,2022
Jangaon,November,0,2022
Jangaon,December,0,2022
Jayashankar Bhoopalpally,January,0,2022
Jayashankar Bhoopalpally,February,0,2022
Jayashankar Bhoopalpally,March,0,2022
Jayashankar Bhoopalpally,April,0,2022
Jayashankar Bhoopalpally,May,0,2022
Jayashankar Bhoopalpally,June,0,2022
Jayashankar Bhoopalpally,July,0,2022
Jayashankar Bhoopalpally,August,0,2022
Jayashankar Bhoopalpally,September,0,2022
Jayashankar Bhoopalpally,October,0,2022
Jayashankar Bhoopalpally,November,0,2022
Jayashankar Bhoopalpally,December,0,2022
Jogulamba Gadwal,January,0,2022
Jogulamba Gadwal,February,0,2022
Jogulamba Gadwal,March,0,2022
Jogulamba Gadwal,April,0,2022
Jogulamba Gadwal,May,0,2022
Jogulamba Gadwal,June,0,2022
Jogulamba Gadwal,July,0,2022
Jogulamba Gadwal,August,0,2022
Jogulamba Gadwal,September,0,2022
Jogulamba Gadwal,October,0,2022
Jogulamba Gadwal,November,0,2022
Jogulamba Gadwal,December,0,2022
Kamareddy,January,0,2022
Kamareddy,February,0,2022
Kamareddy,March,0,2022
Kamareddy,April,0,2022
Kamareddy,May,0,2022
Kamareddy,June,0,2022
Kamareddy,July,0,2022
Kamareddy,August,0,2022
Kamareddy,September,0,2022
Kamareddy,October,0,2022
Kamareddy,November,0,2022
Kamareddy,December,0,2022
Karimnagar,January,0,2022
Karimnagar,February,0,2022
Karimnagar,March,0,2022
Karimnagar,April,0,2022
Karimnagar,May,0,2022
Karimnagar,June,0,2022
Karimnagar,July,0,2022
Karimnagar,August,0,2022
Karimnagar,September,0,2022
Karimnagar,October,0,2022
Karimnagar,November,0,2022
Karimnagar,December,0,2022
Khammam,January,0,2022
Khammam,February,0,2022
Khammam,March,0,2022
Khammam,April,0,2022
Khammam,May,0,2022
Khammam,June,0,2022
Khammam,July,0,2022
Khammam,August,0,2022
Khammam,September,0,2022
Khammam,October,0,2022
Khammam,November,0,2022
Khammam,December,0,2022
Komaram Bheem Asifabad,January,0,2022
Komaram Bheem Asifabad,February,0,2022
Komaram Bheem Asifabad,March,0,2022
Komaram Bheem Asifabad,April,0,2022
Komaram Bheem Asifabad,May,0,2022
Komaram Bheem Asifabad,June,0,2022
Komaram Bheem Asifabad,July,0,2022
Komaram Bheem Asifabad,August,0,2022
Komaram Bheem Asifabad,September,0,2022
Komaram Bheem Asifabad,October,0,2022
Komaram Bheem Asifabad,November,0,2022
Komaram Bheem Asifabad,December,0,2022
Mahabubabad,January,0,2022
Mahabubabad,February,0,2022
Mahabubabad,March,0,2022
Mahabubabad,April,0,2022
Mahabubabad,May,0,2022
Mahabubabad,June,0,2022
Mahabubabad,July,0,2022
Mahabubabad,August,0,2022
Mahabubabad,September,0,2022
Mahabubabad,October,0,2022
Mahabubabad,November,0,2022
Mahabubabad,December,0,2022
Mahbubnagar,January,0,2022
Mahbubnagar,February,0,2022
Mahbubnagar,March,0,2022
Mahbubnagar,April,0,2022
Mahbubnagar,May,0,2022
Mahbubnagar,June,0,2022
Mahbubnagar,July,0,2022
Mahbubnagar,August,0,2022
Mahbubnagar,September,0,2022
Mahbubnagar,October,0,2022
Mahbubnagar,November,0,2022
Mahbubnagar,December,0,2022
Mancherial,January,0,2022
Mancherial,February,0,2022
Mancherial,March,0,2022
Mancherial,April,0,2022
Mancherial,May,0,2022
Mancherial,June,0,2022
Mancherial,July,0,2022
Mancherial,August,0,2022
Mancherial,September,0,2022
Mancherial,October,0,2022
Mancherial,November,0,2022
Mancherial,December,0,2022
Medak,January,0,2022
Medak,February,0,2022
Medak,March,0,2022
Medak,April,0,2022
Medak,May,0,2022
Medak,June,0,2022
Medak,July,0,2022
Medak,August,0,2022
Medak,September,0,2022
Medak,October,0,2022
Medak,November,0,2022
Medak,December,0,2022
Mulugu,January,10,2022
Mulugu,February,8,2022
Mulugu,March,9,2022
Mulugu,April,8,2022
Mulugu,May,8,2022
Mulugu,June,8,2022
Mulugu,July,8,2022
Mulugu,August,10,2022
Mulugu,September,10,2022
Mulugu,October,11,2022
Mulugu,November,10,2022
Mulugu,December,10,2022
Nagarkurnool,January,0,2022
Nagarkurnool,February,0,2022
Nagarkurnool,March,0,2022
Nagarkurnool,April,0,2022
Nagarkurnool,May,0,2022
Nagarkurnool,June,0,2022
Nagarkurnool,July,0,2022
Nagarkurnool,August,0,2022
Nagarkurnool,September,0,2022
Nagarkurnool,October,0,2022
Nagarkurnool,November,0,2022
Nagarkurnool,December,0,2022
Nalgonda,January,0,2022
Nalgonda,February,0,2022
Nalgonda,March,0,2022
Nalgonda,April,0,2022
Nalgonda,May,0,2022
Nalgonda,June,0,2022
Nalgonda,July,0,2022
Nalgonda,August,0,2022
Nalgonda,September,0,2022
Nalgonda,October,0,2022
Nalgonda,November,0,2022
Nalgonda,December,0,2022
Narayanpet,January,0,2022
Narayanpet,February,0,2022
Narayanpet,March,0,2022
Narayanpet,April,0,2022
Narayanpet,May,0,2022
Narayanpet,June,0,2022
Narayanpet,July,0,2022
Narayanpet,August,0,2022
Narayanpet,September,0,2022
Narayanpet,October,0,2022
Narayanpet,November,0,2022
Narayanpet,December,0,2022
Nirmal,January,0,2022
Nirmal,February,0,2022
Nirmal,March,0,2022
Nirmal,April,0,2022
Nirmal,May,0,2022
Nirmal,June,0,2022
Nirmal,July,0,2022
Nirmal,August,0,2022
Nirmal,September,0,2022
Nirmal,October,0,2022
Nirmal,November,0,2022
Nirmal,December,0,2022
Nizamabad,January,0,2022
Nizamabad,February,0,2022
Nizamabad,March,0,2022
Nizamabad,April,0,2022
Nizamabad,May,2,2022
Nizamabad,June,0,2022
Nizamabad,July,0,2022
Nizamabad,August,0,2022
Nizamabad,September,0,2022
Nizamabad,October,0,2022
Nizamabad,November,0,2022
Nizamabad,December,0,2022
Peddapalli,January,0,2022
Peddapalli,February,0,2022
Peddapalli,March,0,2022
Peddapalli,April,0,2022
Peddapalli,May,0,2022
Peddapalli,June,0,2022
Peddapalli,July,0,2022
Peddapalli,August,0,2022
Peddapalli,September,0,2022
Peddapalli,October,0,2022
Peddapalli,November,0,2022
Peddapalli,December,0,2022
Rajanna Sircilla,January,0,2022
Rajanna Sircilla,February,0,2022
Rajanna Sircilla,March,0,2022
Rajanna Sircilla,April,0,2022
Rajanna Sircilla,May,0,2022
Rajanna Sircilla,June,0,2022
Rajanna Sircilla,July,0,2022
Rajanna Sircilla,August,0,2022
Rajanna Sircilla,September,0,2022
Rajanna Sircilla,October,0,2022
Rajanna Sircilla,November,0,2022
Rajanna Sircilla,December,0,2022
Sangareddy,January,0,2022
Sangareddy,February,0,2022
Sangareddy,March,0,2022
Sangareddy,April,0,2022
Sangareddy,May,0,2022
Sangareddy,June,0,2022
Sangareddy,July,0,2022
Sangareddy,August,0,2022
Sangareddy,September,0,2022
Sangareddy,October,0,2022
Sangareddy,November,0,2022
Sangareddy,December,0,2022
Siddipet,January,0,2022
Siddipet,February,0,2022
Siddipet,March,0,2022
Siddipet,April,0,2022
Siddipet,May,0,2022
Siddipet,June,0,2022
Siddipet,July,0,2022
Siddipet,August,0,2022
Siddipet,September,0,2022
Siddipet,October,0,2022
Siddipet,November,0,2022
Siddipet,December,0,2022
Suryapet,January,0,2022
Suryapet,February,0,2022
Suryapet,March,0,2022
Suryapet,April,0,2022
Suryapet,May,0,2022
Suryapet,June,0,2022
Suryapet,July,0,2022
Suryapet,August,0,2022
Suryapet,September,0,2022
Suryapet,October,0,2022
Suryapet,November,0,2022
Suryapet,December,0,2022
Wanaparthy,January,0,2022
Wanaparthy,February,0,2022
Wanaparthy,March,0,2022
Wanaparthy,April,0,2022
Wanaparthy,May,0,2022
Wanaparthy,June,0,2022
Wanaparthy,July,0,2022
Wanaparthy,August,0,2022
Wanaparthy,September,0,2022
Wanaparthy,October,0,2022
Wanaparthy,November,0,2022
Wanaparthy,December,0,2022
Warangal (Rural),January,0,2022
Warangal (Rural),February,0,2022
Warangal (Rural),March,0,2022
Warangal (Rural),April,0,2022
Warangal (Rural),May,0,2022
Warangal (Rural),June,0,2022
Warangal (Rural),July,0,2022
Warangal (Rural),August,11,2022
Warangal (Rural),September,13,2022
Warangal (Rural),October,0,2022
Warangal (Rural),November,12,2022
Warangal (Rural),December,11,2022
Yadadri Bhongir,January,0,2022
Yadadri Bhongir,February,0,2022
Yadadri Bhongir,March,0,2022
Yadadri Bhongir,April,0,2022
Yadadri Bhongir,May,0,2022
Yadadri Bhongir,June,0,2022
Yadadri Bhongir,July,0,2022
Yadadri Bhongir,August,0,2022
Yadadri Bhongir,September,0,2022
Yadadri Bhongir,October,0,2022
Yadadri Bhongir,November,0,2022
Yadadri Bhongir,December,0,2022
Adilabad,January,0,2023
Adilabad,February,0,2023
Adilabad,March,0,2023
Adilabad,April,0,2023
Adilabad,May,0,2023
Adilabad,June,0,2023
Adilabad,July,0,2023
Adilabad,August,0,2023
Adilabad,September,0,2023
Adilabad,October,0,2023
Adilabad,November,0,2023
Adilabad,December,0,2023
Komaram Bheem Asifabad,January,0,2023
Komaram Bheem Asifabad,February,0,2023
Komaram Bheem Asifabad,March,0,2023
Komaram Bheem Asifabad,April,0,2023
Komaram Bheem Asifabad,May,0,2023
Komaram Bheem Asifabad,June,0,2023
Komaram Bheem Asifabad,July,0,2023
Komaram Bheem Asifabad,August,0,2023
Komaram Bheem Asifabad,September,0,2023
Komaram Bheem Asifabad,October,0,2023
Komaram Bheem Asifabad,November,0,2023
Komaram Bheem Asifabad,December,0,2023
Mancherial,January,0,2023
Mancherial,February,0,2023
Mancherial,March,0,2023
Mancherial,April,0,2023
Mancherial,May,0,2023
Mancherial,June,0,2023
Mancherial,July,0,2023
Mancherial,August,0,2023
Mancherial,September,0,2023
Mancherial,October,0,2023
Mancherial,November,0,2023
Mancherial,December,0,2023
Nirmal,January,0,2023
Nirmal,February,0,2023
Nirmal,March,0,2023
Nirmal,April,0,2023
Nirmal,May,0,2023
Nirmal,June,0,2023
Nirmal,July,0,2023
Nirmal,August,0,2023
Nirmal,September,0,2023
Nirmal,October,0,2023
Nirmal,November,0,2023
Nirmal,December,0,2023
Hyderabad & Ranga Reddy & Medchal & Malkajigiri & Vikarabad,January,20226,2023
Hyderabad & Ranga Reddy & Medchal & Malkajigiri & Vikarabad,February,18838,2023
Hyderabad & Ranga Reddy & Medchal & Malkajigiri & Vikarabad,March,20599,2023
Hyderabad & Ranga Reddy & Medchal & Malkajigiri & Vikarabad,April,5802,2023
Hyderabad & Ranga Reddy & Medchal & Malkajigiri & Vikarabad,May,8674,2023
Hyderabad & Ranga Reddy & Medchal & Malkajigiri & Vikarabad,June,9320,2023
Hyderabad & Ranga Reddy & Medchal & Malkajigiri & Vikarabad,July,12893,2023
Hyderabad & Ranga Reddy & Medchal & Malkajigiri & Vikarabad,August,7979,2023
Hyderabad & Ranga Reddy & Medchal & Malkajigiri & Vikarabad,September,17984,2023
Hyderabad & Ranga Reddy & Medchal & Malkajigiri & Vikarabad,October,11021,2023
Hyderabad & Ranga Reddy & Medchal & Malkajigiri & Vikarabad,November,13031,2023
Hyderabad & Ranga Reddy & Medchal & Malkajigiri & Vikarabad,December,14178,2023
Karimnagar,January,0,2023
Karimnagar,February,0,2023
Karimnagar,March,0,2023
Karimnagar,April,0,2023
Karimnagar,May,0,2023
Karimnagar,June,0,2023
Karimnagar,July,0,2023
Karimnagar,August,0,2023
Karimnagar,September,0,2023
Karimnagar,October,0,2023
Karimnagar,November,0,2023
Karimnagar,December,0,2023
Jagtial,January,0,2023
Jagtial,February,0,2023
Jagtial,March,0,2023
Jagtial,April,0,2023
Jagtial,May,0,2023
Jagtial,June,0,2023
Jagtial,July,0,2023
Jagtial,August,0,2023
Jagtial,September,0,2023
Jagtial,October,0,2023
Jagtial,November,0,2023
Jagtial,December,0,2023
Peddapalli,January,0,2023
Peddapalli,February,0,2023
Peddapalli,March,0,2023
Peddapalli,April,0,2023
Peddapalli,May,0,2023
Peddapalli,June,0,2023
Peddapalli,July,0,2023
Peddapalli,August,0,2023
Peddapalli,September,0,2023
Peddapalli,October,0,2023
Peddapalli,November,0,2023
Peddapalli,December,0,2023
Rajarina Sircilla,January,0,2023
Rajarina Sircilla,February,0,2023
Rajarina Sircilla,March,0,2023
Rajarina Sircilla,April,0,2023
Rajarina Sircilla,May,0,2023
Rajarina Sircilla,June,0,2023
Rajarina Sircilla,July,0,2023
Rajarina Sircilla,August,0,2023
Rajarina Sircilla,September,0,2023
Rajarina Sircilla,October,0,2023
Rajarina Sircilla,November,0,2023
Rajarina Sircilla,December,0,2023
Khammam,January,0,2023
Khammam,February,0,2023
Khammam,March,0,2023
Khammam,April,0,2023
Khammam,May,0,2023
Khammam,June,0,2023
Khammam,July,0,2023
Khammam,August,0,2023
Khammam,September,0,2023
Khammam,October,0,2023
Khammam,November,0,2023
Khammam,December,0,2023
Bhadradri Kothagudem,January,0,2023
Bhadradri Kothagudem,February,0,2023
Bhadradri Kothagudem,March,0,2023
Bhadradri Kothagudem,April,0,2023
Bhadradri Kothagudem,May,0,2023
Bhadradri Kothagudem,June,0,2023
Bhadradri Kothagudem,July,0,2023
Bhadradri Kothagudem,August,0,2023
Bhadradri Kothagudem,September,0,2023
Bhadradri Kothagudem,October,0,2023
Bhadradri Kothagudem,November,0,2023
Bhadradri Kothagudem,December,0,2023
Mababubnagar,January,0,2023
Mababubnagar,February,0,2023
Mababubnagar,March,0,2023
Mababubnagar,April,0,2023
Mababubnagar,May,0,2023
Mababubnagar,June,0,2023
Mababubnagar,July,0,2023
Mababubnagar,August,0,2023
Mababubnagar,September,0,2023
Mababubnagar,October,0,2023
Mababubnagar,November,0,2023
Mababubnagar,December,0,2023
Jogulamha Gadwal,January,0,2023
Jogulamha Gadwal,February,0,2023
Jogulamha Gadwal,March,0,2023
Jogulamha Gadwal,April,0,2023
Jogulamha Gadwal,May,0,2023
Jogulamha Gadwal,June,0,2023
Jogulamha Gadwal,July,0,2023
Jogulamha Gadwal,August,0,2023
Jogulamha Gadwal,September,0,2023
Jogulamha Gadwal,October,0,2023
Jogulamha Gadwal,November,0,2023
Jogulamha Gadwal,December,0,2023
Nagarkurnool,January,0,2023
Nagarkurnool,February,0,2023
Nagarkurnool,March,0,2023
Nagarkurnool,April,0,2023
Nagarkurnool,May,0,2023
Nagarkurnool,June,0,2023
Nagarkurnool,July,0,2023
Nagarkurnool,August,0,2023
Nagarkurnool,September,0,2023
Nagarkurnool,October,0,2023
Nagarkurnool,November,0,2023
Nagarkurnool,December,0,2023
Wanaparthy,January,0,2023
Wanaparthy,February,0,2023
Wanaparthy,March,0,2023
Wanaparthy,April,0,2023
Wanaparthy,May,0,2023
Wanaparthy,June,0,2023
Wanaparthy,July,0,2023
Wanaparthy,August,0,2023
Wanaparthy,September,0,2023
Wanaparthy,October,0,2023
Wanaparthy,November,0,2023
Wanaparthy,December,0,2023
Narayanapet,January,0,2023
Narayanapet,February,0,2023
Narayanapet,March,0,2023
Narayanapet,April,0,2023
Narayanapet,May,0,2023
Narayanapet,June,0,2023
Narayanapet,July,0,2023
Narayanapet,August,0,2023
Narayanapet,September,0,2023
Narayanapet,October,0,2023
Narayanapet,November,0,2023
Narayanapet,December,0,2023
Medak,January,0,2023
Medak,February,0,2023
Medak,March,0,2023
Medak,April,0,2023
Medak,May,0,2023
Medak,June,0,2023
Medak,July,0,2023
Medak,August,0,2023
Medak,September,0,2023
Medak,October,0,2023
Medak,November,0,2023
Medak,December,0,2023
Sangareddy,January,0,2023
Sangareddy,February,0,2023
Sangareddy,March,0,2023
Sangareddy,April,0,2023
Sangareddy,May,0,2023
Sangareddy,June,0,2023
Sangareddy,July,0,2023
Sangareddy,August,0,2023
Sangareddy,September,0,2023
Sangareddy,October,0,2023
Sangareddy,November,0,2023
Sangareddy,December,0,2023
Siddipet,January,0,2023
Siddipet,February,0,2023
Siddipet,March,0,2023
Siddipet,April,0,2023
Siddipet,May,0,2023
Siddipet,June,0,2023
Siddipet,July,0,2023
Siddipet,August,0,2023
Siddipet,September,0,2023
Siddipet,October,0,2023
Siddipet,November,0,2023
Siddipet,December,0,2023
Nalgonda & Suryapet,January,0,2023
Nalgonda & Suryapet,February,0,2023
Nalgonda & Suryapet,March,0,2023
Nalgonda & Suryapet,April,0,2023
Nalgonda & Suryapet,May,0,2023
Nalgonda & Suryapet,June,0,2023
Nalgonda & Suryapet,July,0,2023
Nalgonda & Suryapet,August,0,2023
Nalgonda & Suryapet,September,0,2023
Nalgonda & Suryapet,October,0,2023
Nalgonda & Suryapet,November,0,2023
Nalgonda & Suryapet,December,0,2023
Yadadri Bhongir,January,0,2023
Yadadri Bhongir,February,29,2023
Yadadri Bhongir,March,0,2023
Yadadri Bhongir,April,0,2023
Yadadri Bhongir,May,0,2023
Yadadri Bhongir,June,0,2023
Yadadri Bhongir,July,7,2023
Yadadri Bhongir,August,0,2023
Yadadri Bhongir,September,0,2023
Yadadri Bhongir,October,0,2023
Yadadri Bhongir,November,0,2023
Yadadri Bhongir,December,0,2023
Nizamabad,January,0,2023
Nizamabad,February,0,2023
Nizamabad,March,0,2023
Nizamabad,April,0,2023
Nizamabad,May,0,2023
Nizamabad,June,0,2023
Nizamabad,July,0,2023
Nizamabad,August,0,2023
Nizamabad,September,0,2023
Nizamabad,October,0,2023
Nizamabad,November,0,2023
Nizamabad,December,0,2023
Kamareddy,January,0,2023
Kamareddy,February,0,2023
Kamareddy,March,0,2023
Kamareddy,April,0,2023
Kamareddy,May,0,2023
Kamareddy,June,0,2023
Kamareddy,July,0,2023
Kamareddy,August,0,2023
Kamareddy,September,0,2023
Kamareddy,October,0,2023
Kamareddy,November,0,2023
Kamareddy,December,0,2023
Hanumakonda,January,5,2023
Hanumakonda,February,7,2023
Hanumakonda,March,9,2023
Hanumakonda,April,9,2023
Hanumakonda,May,10,2023
Hanumakonda,June,8,2023
Hanumakonda,July,9,2023
Hanumakonda,August,10,2023
Hanumakonda,September,8,2023
Hanumakonda,October,10,2023
Hanumakonda,November,10,2023
Hanumakonda,December,10,2023
Warangal (Rural),January,6,2023
Warangal (Rural),February,6,2023
Warangal (Rural),March,6,2023
Warangal (Rural),April,8,2023
Warangal (Rural),May,10,2023
Warangal (Rural),June,6,2023
Warangal (Rural),July,8,2023
Warangal (Rural),August,9,2023
Warangal (Rural),September,9,2023
Warangal (Rural),October,10,2023
Warangal (Rural),November,11,2023
Warangal (Rural),December,10,2023
Jangann,January,0,2023
Jangann,February,0,2023
Jangann,March,0,2023
Jangann,April,0,2023
Jangann,May,0,2023
Jangann,June,0,2023
Jangann,July,0,2023
Jangann,August,0,2023
Jangann,September,0,2023
Jangann,October,0,2023
Jangann,November,0,2023
Jangann,December,0,2023
Jayashankar Bhoopalpally,January,0,2023
Jayashankar Bhoopalpally,February,0,2023
Jayashankar Bhoopalpally,March,0,2023
Jayashankar Bhoopalpally,April,0,2023
Jayashankar Bhoopalpally,May,0,2023
Jayashankar Bhoopalpally,June,0,2023
Jayashankar Bhoopalpally,July,0,2023
Jayashankar Bhoopalpally,August,0,2023
Jayashankar Bhoopalpally,September,0,2023
Jayashankar Bhoopalpally,October,0,2023
Jayashankar Bhoopalpally,November,0,2023
Jayashankar Bhoopalpally,December,0,2023
Mahabubabad,January,0,2023
Mahabubabad,February,0,2023
Mahabubabad,March,0,2023
Mahabubabad,April,0,2023
Mahabubabad,May,0,2023
Mahabubabad,June,0,2023
Mahabubabad,July,0,2023
Mahabubabad,August,0,2023
Mahabubabad,September,0,2023
Mahabubabad,October,0,2023
Mahabubabad,November,0,2023
Mahabubabad,December,0,2023
Mulugu,January,10,2023
Mulugu,February,8,2023
Mulugu,March,15,2023
Mulugu,April,15,2023
Mulugu,May,13,2023
Mulugu,June,8,2023
Mulugu,July,8,2023
Mulugu,August,10,2023
Mulugu,September,10,2023
Mulugu,October,10,2023
Mulugu,November,10,2023
Mulugu,December,10,2023
Adilabad,January,0,2024
Adilabad,February,0,2024
Adilabad,March,0,2024
Adilabad,April,0,2024
Adilabad,May,0,2024
Adilabad,June,0,2024
Adilabad,July,0,2024
Adilabad,August,0,2024
Adilabad,September,0,2024
Adilabad,October,0,2024
Adilabad,November,0,2024
Adilabad,December,2,2024
Bhadradri Kothagudem,January,0,2024
Bhadradri Kothagudem,February,0,2024
Bhadradri Kothagudem,March,0,2024
Bhadradri Kothagudem,April,0,2024
Bhadradri Kothagudem,May,0,2024
Bhadradri Kothagudem,June,0,2024
Bhadradri Kothagudem,July,0,2024
Bhadradri Kothagudem,August,0,2024
Bhadradri Kothagudem,September,0,2024
Bhadradri Kothagudem,October,0,2024
Bhadradri Kothagudem,November,0,2024
Bhadradri Kothagudem,December,0,2024
Hanumakonda,January,10,2024
Hanumakonda,February,12,2024
Hanumakonda,March,8,2024
Hanumakonda,April,8,2024
Hanumakonda,May,10,2024
Hanumakonda,June,10,2024
Hanumakonda,July,12,2024
Hanumakonda,August,9,2024
Hanumakonda,September,10,2024
Hanumakonda,October,10,2024
Hanumakonda,November,11,2024
Hanumakonda,December,13,2024
Hyderabad & Ranga Reddy & Medchal - Malkajigiri & Vikarabad,January,17083,2024
Hyderabad & Ranga Reddy & Medchal - Malkajigiri & Vikarabad,February,9521,2024
Hyderabad & Ranga Reddy & Medchal - Malkajigiri & Vikarabad,March,12316,2024
Hyderabad & Ranga Reddy & Medchal - Malkajigiri & Vikarabad,April,8189,2024
Hyderabad & Ranga Reddy & Medchal - Malkajigiri & Vikarabad,May,13769,2024
Hyderabad & Ranga Reddy & Medchal - Malkajigiri & Vikarabad,June,8871,2024
Hyderabad & Ranga Reddy & Medchal - Malkajigiri & Vikarabad,July,10645,2024
Hyderabad & Ranga Reddy & Medchal - Malkajigiri & Vikarabad,August,27898,2024
Hyderabad & Ranga Reddy & Medchal - Malkajigiri & Vikarabad,September,7879,2024
Hyderabad & Ranga Reddy & Medchal - Malkajigiri & Vikarabad,October,20329,2024
Hyderabad & Ranga Reddy & Medchal - Malkajigiri & Vikarabad,November,10077,2024
Hyderabad & Ranga Reddy & Medchal - Malkajigiri & Vikarabad,December,8353,2024
Jagtial,January,0,2024
Jagtial,February,0,2024
Jagtial,March,0,2024
Jagtial,April,0,2024
Jagtial,May,0,2024
Jagtial,June,0,2024
Jagtial,July,0,2024
Jagtial,August,0,2024
Jagtial,September,0,2024
Jagtial,October,0,2024
Jagtial,November,0,2024
Jagtial,December,0,2024
Jangaon,January,0,2024
Jangaon,February,0,2024
Jangaon,March,0,2024
Jangaon,April,0,2024
Jangaon,May,0,2024
Jangaon,June,0,2024
Jangaon,July,0,2024
Jangaon,August,0,2024
Jangaon,September,0,2024
Jangaon,October,0,2024
Jangaon,November,0,2024
Jangaon,December,0,2024
Jayashankar Bhoopalpally,January,0,2024
Jayashankar Bhoopalpally,February,0,2024
Jayashankar Bhoopalpally,March,0,2024
Jayashankar Bhoopalpally,April,0,2024
Jayashankar Bhoopalpally,May,0,2024
Jayashankar Bhoopalpally,June,0,2024
Jayashankar Bhoopalpally,July,0,2024
Jayashankar Bhoopalpally,August,0,2024
Jayashankar Bhoopalpally,September,0,2024
Jayashankar Bhoopalpally,October,0,2024
Jayashankar Bhoopalpally,November,0,2024
Jayashankar Bhoopalpally,December,0,2024
Jogulamba Gadwal,January,0,2024
Jogulamba Gadwal,February,0,2024
Jogulamba Gadwal,March,0,2024
Jogulamba Gadwal,April,0,2024
Jogulamba Gadwal,May,0,2024
Jogulamba Gadwal,June,0,2024
Jogulamba Gadwal,July,0,2024
Jogulamba Gadwal,August,0,2024
Jogulamba Gadwal,September,0,2024
Jogulamba Gadwal,October,0,2024
Jogulamba Gadwal,November,0,2024
Jogulamba Gadwal,December,0,2024
Kamareddy,January,0,2024
Kamareddy,February,0,2024
Kamareddy,March,0,2024
Kamareddy,April,0,2024
Kamareddy,May,0,2024
Kamareddy,June,0,2024
Kamareddy,July,0,2024
Kamareddy,August,0,2024
Kamareddy,September,0,2024
Kamareddy,October,0,2024
Kamareddy,November,0,2024
Kamareddy,December,0,2024
Karimnagar,January,0,2024
Karimnagar,February,0,2024
Karimnagar,March,0,2024
Karimnagar,April,0,2024
Karimnagar,May,0,2024
Karimnagar,June,0,2024
Karimnagar,July,0,2024
Karimnagar,August,0,2024
Karimnagar,September,0,2024
Karimnagar,October,0,2024
Karimnagar,November,0,2024
Karimnagar,December,0,2024
Khammam,January,0,2024
Khammam,February,0,2024
Khammam,March,0,2024
Khammam,April,0,2024
Khammam,May,0,2024
Khammam,June,0,2024
Khammam,July,0,2024
Khammam,August,0,2024
Khammam,September,0,2024
Khammam,October,0,2024
Khammam,November,0,2024
Khammam,December,0,2024
Komaram Bheem Asifabad,January,0,2024
Komaram Bheem Asifabad,February,0,2024
Komaram Bheem Asifabad,March,0,2024
Komaram Bheem Asifabad,April,0,2024
Komaram Bheem Asifabad,May,0,2024
Komaram Bheem Asifabad,June,0,2024
Komaram Bheem Asifabad,July,0,2024
Komaram Bheem Asifabad,August,0,2024
Komaram Bheem Asifabad,September,0,2024
Komaram Bheem Asifabad,October,0,2024
Komaram Bheem Asifabad,November,0,2024
Komaram Bheem Asifabad,December,0,2024
Mahabubabad,January,0,2024
Mahabubabad,February,0,2024
Mahabubabad,March,0,2024
Mahabubabad,April,0,2024
Mahabubabad,May,0,2024
Mahabubabad,June,0,2024
Mahabubabad,July,0,2024
Mahabubabad,August,0,2024
Mahabubabad,September,0,2024
Mahabubabad,October,0,2024
Mahabubabad,November,0,2024
Mahabubabad,December,0,2024
Mahabubnagar,January,0,2024
Mahabubnagar,February,0,2024
Mahabubnagar,March,0,2024
Mahabubnagar,April,0,2024
Mahabubnagar,May,0,2024
Mahabubnagar,June,0,2024
Mahabubnagar,July,0,2024
Mahabubnagar,August,0,2024
Mahabubnagar,September,0,2024
Mahabubnagar,October,0,2024
Mahabubnagar,November,0,2024
Mahabubnagar,December,0,2024
Mancherial,January,0,2024
Mancherial,February,0,2024
Mancherial,March,0,2024
Mancherial,April,0,2024
Mancherial,May,0,2024
Mancherial,June,0,2024
Mancherial,July,0,2024
Mancherial,August,0,2024
Mancherial,September,0,2024
Mancherial,October,0,2024
Mancherial,November,0,2024
Mancherial,December,0,2024
Medak,January,0,2024
Medak,February,0,2024
Medak,March,0,2024
Medak,April,0,2024
Medak,May,0,2024
Medak,June,0,2024
Medak,July,0,2024
Medak,August,0,2024
Medak,September,0,2024
Medak,October,0,2024
Medak,November,0,2024
Medak,December,0,2024
Mulugu,January,10,2024
Mulugu,February,10,2024
Mulugu,March,10,2024
Mulugu,April,10,2024
Mulugu,May,10,2024
Mulugu,June,10,2024
Mulugu,July,10,2024
Mulugu,August,10,2024
Mulugu,September,10,2024
Mulugu,October,10,2024
Mulugu,November,10,2024
Mulugu,December,10,2024
Nagarkurnool,January,0,2024
Nagarkurnool,February,0,2024
Nagarkurnool,March,0,2024
Nagarkurnool,April,0,2024
Nagarkurnool,May,0,2024
Nagarkurnool,June,0,2024
Nagarkurnool,July,0,2024
Nagarkurnool,August,0,2024
Nagarkurnool,September,0,2024
Nagarkurnool,October,0,2024
Nagarkurnool,November,0,2024
Nagarkurnool,December,0,2024
Nalgonda & Suryapet,January,0,2024
Nalgonda & Suryapet,February,0,2024
Nalgonda & Suryapet,March,0,2024
Nalgonda & Suryapet,April,0,2024
Nalgonda & Suryapet,May,0,2024
Nalgonda & Suryapet,June,0,2024
Nalgonda & Suryapet,July,0,2024
Nalgonda & Suryapet,August,0,2024
Nalgonda & Suryapet,September,0,2024
Nalgonda & Suryapet,October,0,2024
Nalgonda & Suryapet,November,0,2024
Nalgonda & Suryapet,December,0,2024
Narayanpet,January,0,2024
Narayanpet,February,0,2024
Narayanpet,March,0,2024
Narayanpet,April,0,2024
Narayanpet,May,0,2024
Narayanpet,June,0,2024
Narayanpet,July,0,2024
Narayanpet,August,0,2024
Narayanpet,September,0,2024
Narayanpet,October,0,2024
Narayanpet,November,0,2024
Narayanpet,December,0,2024
Nirmal,January,0,2024
Nirmal,February,0,2024
Nirmal,March,0,2024
Nirmal,April,0,2024
Nirmal,May,0,2024
Nirmal,June,0,2024
Nirmal,July,0,2024
Nirmal,August,0,2024
Nirmal,September,0,2024
Nirmal,October,0,2024
Nirmal,November,0,2024
Nirmal,December,0,2024
Nizamabad,January,0,2024
Nizamabad,February,0,2024
Nizamabad,March,0,2024
Nizamabad,April,0,2024
Nizamabad,May,0,2024
Nizamabad,June,0,2024
Nizamabad,July,0,2024
Nizamabad,August,0,2024
Nizamabad,September,0,2024
Nizamabad,October,0,2024
Nizamabad,November,0,2024
Nizamabad,December,0,2024
Peddapalli,January,0,2024
Peddapalli,February,0,2024
Peddapalli,March,0,2024
Peddapalli,April,0,2024
Peddapalli,May,0,2024
Peddapalli,June,0,2024
Peddapalli,July,0,2024
Peddapalli,August,0,2024
Peddapalli,September,0,2024
Peddapalli,October,0,2024
Peddapalli,November,0,2024
Peddapalli,December,0,2024
Rajanna Sircilla,January,0,2024
Rajanna Sircilla,February,0,2024
Rajanna Sircilla,March,0,2024
Rajanna Sircilla,April,0,2024
Rajanna Sircilla,May,0,2024
Rajanna Sircilla,June,0,2024
Rajanna Sircilla,July,0,2024
Rajanna Sircilla,August,0,2024
Rajanna Sircilla,September,0,2024
Rajanna Sircilla,October,0,2024
Rajanna Sircilla,November,0,2024
Rajanna Sircilla,December,0,2024
Sangareddy,January,0,2024
Sangareddy,February,0,2024
Sangareddy,March,0,2024
Sangareddy,April,0,2024
Sangareddy,May,0,2024
Sangareddy,June,0,2024
Sangareddy,July,0,2024
Sangareddy,August,0,2024
Sangareddy,September,0,2024
Sangareddy,October,0,2024
Sangareddy,November,0,2024
Sangareddy,December,0,2024
Siddipet,January,0,2024
Siddipet,February,0,2024
Siddipet,March,0,2024
Siddipet,April,0,2024
Siddipet,May,0,2024
Siddipet,June,0,2024
Siddipet,July,0,2024
Siddipet,August,0,2024
Siddipet,September,0,2024
Siddipet,October,0,2024
Siddipet,November,0,2024
Siddipet,December,0,2024
Wanaparthy,January,0,2024
Wanaparthy,February,0,2024
Wanaparthy,March,0,2024
Wanaparthy,April,0,2024
Wanaparthy,May,0,2024
Wanaparthy,June,0,2024
Wanaparthy,July,0,2024
Wanaparthy,August,0,2024
Wanaparthy,September,0,2024
Wanaparthy,October,0,2024
Wanaparthy,November,0,2024
Wanaparthy,December,0,2024
Warangal (Rural),January,15,2024
Warangal (Rural),February,15,2024
Warangal (Rural),March,10,2024
Warangal (Rural),April,8,2024
Warangal (Rural),May,8,2024
Warangal (Rural),June,10,2024
Warangal (Rural),July,10,2024
Warangal (Rural),August,10,2024
Warangal (Rural),September,10,2024
Warangal (Rural),October,10,2024
Warangal (Rural),November,10,2024
Warangal (Rural),December,12,2024
Yadadri Bhongir,January,5,2024
Yadadri Bhongir,February,0,2024
Yadadri Bhongir,March,0,2024
Yadadri Bhongir,April,0,2024
Yadadri Bhongir,May,1,2024
Yadadri Bhongir,June,0,2024
Yadadri Bhongir,July,2,2024
Yadadri Bhongir,August,0,2024
Yadadri Bhongir,September,0,2024
Yadadri Bhongir,October,0,2024
Yadadri Bhongir,November,0,2024
Yadadri Bhongir,December,2,2024






